id,user,paid_amount,currency_code,payment_status,biller_id,biller_category,channel,timestamp
BILL-70000,CUST-1252,1476.2,AED,1,Empower,UTILITIES,WEB,04/06/2026 12:40
BILL-70001,CUST-1289,1183.74,AED,1,DU,TELECOM,APP,11/06/2026 13:23
BILL-70002,CUST-1144,2424.06,AED,1,RTA_FINES,GOVERNMENT,WEB,04/06/2026 05:36
BILL-70003,CUST-1199,907.0,AED,9,ADDC,UTILITIES,WEB,12/06/2026 18:51
BILL-70004,CUST-1186,2422.56,AED,1,Empower,UTILITIES,WEB,13/06/2026 05:37
BILL-70005,CUST-1287,1067.88,AED,1,ETISALAT,TELECOM,WEB,16/06/2026 14:11
BILL-70006,CUST-1010,1756.77,AED,1,RTA_FINES,GOVERNMENT,APP,18/06/2026 04:22
BILL-70007,CUST-1012,1414.01,AED,1,DU,TELECOM,WEB,18/06/2026 22:52
BILL-70008,CUST-1101,1817.1,AED,1,SALIK,TOLL,APP,26/05/2026 23:20
BILL-70009,CUST-1293,2504.91,AED,1,DEWA,UTILITIES,APP,14/06/2026 14:42
BILL-70010,CUST-1239,112.62,AED,1,DU,TELECOM,APP,01/06/2026 22:56
BILL-70011,CUST-1184,2011.92,AED,1,ADDC,UTILITIES,WEB,27/05/2026 14:28
BILL-70012,CUST-1201,2326.08,AED,1,SEWA,UTILITIES,APP,21/06/2026 14:51
BILL-70013,CUST-1299,905.5,AED,0,ETISALAT,TELECOM,WEB,15/06/2026 18:11
BILL-70014,CUST-1235,1679.3,AED,1,ADDC,UTILITIES,APP,22/06/2026 03:17
BILL-70015,CUST-1218,290.6,AED,1,ETISALAT,TELECOM,WEB,20/06/2026 04:32
BILL-70016,CUST-1172,2780.84,AED,1,DU,TELECOM,WEB,28/05/2026 18:46
BILL-70017,CUST-1233,2204.48,AED,1,SALIK,TOLL,APP,17/06/2026 16:58
BILL-70018,CUST-1055,1489.17,AED,1,ETISALAT,TELECOM,APP,04/06/2026 05:03
BILL-70019,CUST-1270,701.17,AED,1,SEWA,UTILITIES,WEB,31/05/2026 09:32
BILL-70020,CUST-1109,1807.11,AED,1,ADDC,UTILITIES,WEB,15/06/2026 13:48
BILL-70021,CUST-1243,1174.64,AED,1,ADDC,UTILITIES,WEB,01/06/2026 23:43
BILL-70022,CUST-1015,2304.01,AED,1,DU,TELECOM,APP,12/06/2026 22:53
BILL-70023,CUST-1172,1998.06,AED,1,RTA_FINES,GOVERNMENT,APP,09/06/2026 04:28
BILL-70024,CUST-1118,1523.83,AED,1,RTA_FINES,GOVERNMENT,APP,02/06/2026 17:47
BILL-70025,CUST-1067,1605.05,AED,1,ADDC,UTILITIES,APP,14/06/2026 13:11
BILL-70026,CUST-1173,1771.23,AED,1,DU,TELECOM,APP,26/05/2026 19:46
BILL-70027,CUST-1251,1454.93,AED,1,RTA_FINES,GOVERNMENT,APP,29/05/2026 13:42
BILL-70028,CUST-1162,2103.65,AED,1,ETISALAT,TELECOM,APP,04/06/2026 09:10
BILL-70029,CUST-1099,2199.6,AED,1,Empower,UTILITIES,WEB,06/06/2026 23:23
BILL-70030,CUST-1214,2313.82,AED,1,ETISALAT,TELECOM,APP,22/06/2026 12:18
BILL-70031,CUST-1061,142.37,AED,1,SALIK,TOLL,WEB,19/06/2026 04:20
BILL-70032,CUST-1084,221.78,AED,9,Empower,UTILITIES,APP,31/05/2026 18:21
BILL-70033,CUST-1267,1168.39,AED,1,DU,TELECOM,WEB,26/05/2026 09:08
BILL-70034,CUST-1110,2626.27,AED,1,SALIK,TOLL,WEB,14/06/2026 13:02
BILL-70035,CUST-1127,351.97,AED,1,Empower,UTILITIES,WEB,19/06/2026 16:08
BILL-70036,CUST-1033,1677.22,AED,1,ETISALAT,TELECOM,APP,10/06/2026 18:00
BILL-70037,CUST-1026,1439.4,AED,1,SALIK,TOLL,APP,13/06/2026 13:20
BILL-70038,CUST-1053,2947.57,AED,1,ETISALAT,TELECOM,WEB,13/06/2026 14:06
BILL-70039,CUST-1043,2231.39,AED,1,DU,TELECOM,WEB,23/06/2026 00:40
BILL-70040,CUST-1232,2016.13,AED,1,ADDC,UTILITIES,APP,31/05/2026 22:28
BILL-70041,CUST-1278,2154.22,AED,1,RTA_FINES,GOVERNMENT,APP,06/06/2026 04:56
BILL-70042,CUST-1014,1691.11,AED,1,ADDC,UTILITIES,WEB,13/06/2026 23:44
BILL-70043,CUST-1062,1576.89,AED,2,ADDC,UTILITIES,WEB,29/05/2026 14:32
BILL-70044,CUST-1165,1719.3,AED,2,ETISALAT,TELECOM,APP,07/06/2026 10:59
BILL-70045,CUST-1038,2442.32,AED,1,ETISALAT,TELECOM,WEB,30/05/2026 22:22
BILL-70046,CUST-1235,1095.12,AED,1,SEWA,UTILITIES,APP,11/06/2026 15:39
BILL-70047,CUST-1007,2460.77,AED,1,ETISALAT,TELECOM,APP,21/06/2026 01:21
BILL-70048,CUST-1144,2818.1,AED,1,DEWA,UTILITIES,WEB,05/06/2026 12:33
BILL-70049,CUST-1062,2841.51,AED,9,DU,TELECOM,APP,03/06/2026 15:39
BILL-70050,CUST-1252,1955.89,AED,1,RTA_FINES,GOVERNMENT,WEB,13/06/2026 04:10
BILL-70051,CUST-1002,1771.35,AED,1,SALIK,TOLL,APP,29/05/2026 07:31
BILL-70052,CUST-1151,1863.47,AED,1,DEWA,UTILITIES,APP,22/06/2026 05:28
BILL-70053,CUST-1211,1873.63,AED,0,RTA_FINES,GOVERNMENT,WEB,17/06/2026 12:27
BILL-70054,CUST-1256,1299.16,AED,1,ADDC,UTILITIES,APP,14/06/2026 22:00
BILL-70055,CUST-1147,2306.17,AED,1,SEWA,UTILITIES,APP,24/06/2026 22:15
BILL-70056,CUST-1283,825.76,AED,1,ETISALAT,TELECOM,WEB,19/06/2026 08:21
BILL-70057,CUST-1205,455.78,AED,1,DU,TELECOM,WEB,11/06/2026 23:02
BILL-70058,CUST-1151,1822.23,AED,1,ETISALAT,TELECOM,WEB,06/06/2026 01:45
BILL-70059,CUST-1229,784.1,AED,1,RTA_FINES,GOVERNMENT,WEB,22/06/2026 22:56
BILL-70060,CUST-1288,1542.01,AED,0,RTA_FINES,GOVERNMENT,WEB,06/06/2026 07:28
BILL-70061,CUST-1138,1869.37,AED,2,Empower,UTILITIES,APP,24/06/2026 08:00
BILL-70062,CUST-1234,1930.5,AED,1,RTA_FINES,GOVERNMENT,WEB,13/06/2026 03:42
BILL-70063,CUST-1120,1966.29,AED,1,Empower,UTILITIES,WEB,26/05/2026 18:44
BILL-70064,CUST-1026,235.99,AED,1,Empower,UTILITIES,WEB,29/05/2026 22:41
BILL-70065,CUST-1220,2226.79,AED,1,SEWA,UTILITIES,APP,10/06/2026 08:55
BILL-70066,CUST-1126,2959.97,AED,1,DU,TELECOM,APP,24/06/2026 21:40
BILL-70067,CUST-1149,137.05,AED,1,DEWA,UTILITIES,APP,04/06/2026 09:55
BILL-70068,CUST-1260,2517.25,AED,1,SEWA,UTILITIES,WEB,07/06/2026 05:12
BILL-70069,CUST-1221,2701.81,AED,1,ADDC,UTILITIES,APP,27/05/2026 16:19
BILL-70070,CUST-1081,1419.48,AED,1,ETISALAT,TELECOM,WEB,08/06/2026 09:34
BILL-70071,CUST-1072,1105.33,AED,1,SEWA,UTILITIES,APP,24/06/2026 19:04
BILL-70072,CUST-1127,34.48,AED,1,ADDC,UTILITIES,WEB,05/06/2026 13:09
BILL-70073,CUST-1058,1114.88,AED,1,SALIK,TOLL,WEB,10/06/2026 10:19
BILL-70074,CUST-1194,78.77,AED,1,RTA_FINES,GOVERNMENT,APP,12/06/2026 17:22
BILL-70075,CUST-1251,2437.37,AED,1,SALIK,TOLL,WEB,23/06/2026 12:50
BILL-70076,CUST-1105,111.86,AED,1,DEWA,UTILITIES,APP,13/06/2026 04:31
BILL-70077,CUST-1207,1028.37,AED,1,ETISALAT,TELECOM,APP,31/05/2026 01:45
BILL-70078,CUST-1222,2202.18,AED,1,SALIK,TOLL,WEB,18/06/2026 17:22
BILL-70079,CUST-1225,2452.77,AED,1,Empower,UTILITIES,WEB,11/06/2026 22:19
BILL-70080,CUST-1022,94.18,AED,1,RTA_FINES,GOVERNMENT,WEB,04/06/2026 02:30
BILL-70081,CUST-1122,757.61,AED,1,DU,TELECOM,APP,13/06/2026 14:42
BILL-70082,CUST-1040,2194.12,AED,1,DU,TELECOM,WEB,12/06/2026 12:57
BILL-70083,CUST-1100,1174.81,AED,1,DU,TELECOM,APP,11/06/2026 01:36
BILL-70084,CUST-1122,1521.13,AED,0,RTA_FINES,GOVERNMENT,WEB,16/06/2026 19:54
BILL-70085,CUST-1183,2678.26,AED,0,SEWA,UTILITIES,WEB,28/05/2026 11:10
BILL-70086,CUST-1166,779.8,AED,1,DEWA,UTILITIES,WEB,13/06/2026 10:05
BILL-70087,CUST-1148,2285.73,AED,0,ADDC,UTILITIES,WEB,06/06/2026 01:23
BILL-70088,CUST-1087,1477.32,AED,1,DU,TELECOM,APP,31/05/2026 16:04
BILL-70089,CUST-1055,2182.86,AED,1,DU,TELECOM,WEB,25/06/2026 04:26
BILL-70090,CUST-1132,2064.43,AED,1,ETISALAT,TELECOM,APP,03/06/2026 21:14
BILL-70091,CUST-1104,2147.0,AED,1,ADDC,UTILITIES,APP,03/06/2026 12:27
BILL-70092,CUST-1007,1393.86,AED,1,DEWA,UTILITIES,APP,29/05/2026 16:50
BILL-70093,CUST-1003,882.62,AED,1,ADDC,UTILITIES,WEB,31/05/2026 01:47
BILL-70094,CUST-1214,1371.07,AED,1,SALIK,TOLL,APP,29/05/2026 18:33
BILL-70095,CUST-1056,2207.58,AED,1,DU,TELECOM,WEB,29/05/2026 13:06
BILL-70096,CUST-1161,1264.72,AED,1,DU,TELECOM,APP,08/06/2026 21:07
BILL-70097,CUST-1205,2063.15,AED,2,SEWA,UTILITIES,WEB,08/06/2026 13:49
BILL-70098,CUST-1251,2763.46,AED,0,RTA_FINES,GOVERNMENT,WEB,07/06/2026 10:50
BILL-70099,CUST-1190,2452.94,AED,0,RTA_FINES,GOVERNMENT,WEB,07/06/2026 17:45
BILL-70100,CUST-1246,2918.54,AED,1,DU,TELECOM,WEB,23/06/2026 05:34
BILL-70101,CUST-1071,1766.62,AED,1,SALIK,TOLL,WEB,31/05/2026 15:12
BILL-70102,CUST-1036,1483.21,AED,1,ADDC,UTILITIES,WEB,03/06/2026 12:03
BILL-70103,CUST-1270,420.39,AED,1,Empower,UTILITIES,WEB,18/06/2026 20:01
BILL-70104,CUST-1184,911.28,AED,1,Empower,UTILITIES,APP,12/06/2026 15:38
BILL-70105,CUST-1039,2067.08,AED,1,RTA_FINES,GOVERNMENT,WEB,29/05/2026 13:15
BILL-70106,CUST-1087,1792.84,AED,1,RTA_FINES,GOVERNMENT,WEB,30/05/2026 00:49
BILL-70107,CUST-1269,1306.75,AED,0,ETISALAT,TELECOM,WEB,27/05/2026 00:39
BILL-70108,CUST-1245,436.28,AED,1,RTA_FINES,GOVERNMENT,WEB,11/06/2026 23:16
BILL-70109,CUST-1125,503.44,AED,1,DEWA,UTILITIES,WEB,27/05/2026 16:30
BILL-70110,CUST-1045,1641.08,AED,1,ETISALAT,TELECOM,APP,19/06/2026 19:21
BILL-70111,CUST-1040,343.31,AED,1,DEWA,UTILITIES,WEB,20/06/2026 16:08
BILL-70112,CUST-1181,769.74,AED,1,RTA_FINES,GOVERNMENT,WEB,29/05/2026 15:51
BILL-70113,CUST-1163,1127.16,AED,0,Empower,UTILITIES,WEB,11/06/2026 19:55
BILL-70114,CUST-1053,1043.94,AED,1,RTA_FINES,GOVERNMENT,APP,12/06/2026 22:46
BILL-70115,CUST-1129,1052.4,AED,0,Empower,UTILITIES,APP,14/06/2026 15:05
BILL-70116,CUST-1292,2641.49,AED,1,Empower,UTILITIES,WEB,04/06/2026 08:09
BILL-70117,CUST-1123,997.97,AED,1,SEWA,UTILITIES,WEB,12/06/2026 12:17
BILL-70118,CUST-1126,1978.01,AED,1,RTA_FINES,GOVERNMENT,WEB,29/05/2026 12:53
BILL-70119,CUST-1128,223.51,AED,1,RTA_FINES,GOVERNMENT,APP,16/06/2026 16:46
BILL-70120,CUST-1023,2083.65,AED,1,RTA_FINES,GOVERNMENT,APP,22/06/2026 20:11
BILL-70121,CUST-1066,805.94,AED,1,RTA_FINES,GOVERNMENT,WEB,29/05/2026 10:42
BILL-70122,CUST-1086,1783.9,AED,1,RTA_FINES,GOVERNMENT,WEB,02/06/2026 00:16
BILL-70123,CUST-1059,1466.03,AED,1,SALIK,TOLL,WEB,28/05/2026 16:35
BILL-70124,CUST-1289,2186.12,AED,1,Empower,UTILITIES,APP,16/06/2026 20:52
BILL-70125,CUST-1067,1971.84,AED,1,DEWA,UTILITIES,APP,23/06/2026 08:53
BILL-70126,CUST-1160,2571.06,AED,2,DEWA,UTILITIES,APP,20/06/2026 23:32
BILL-70127,CUST-1276,2866.22,AED,1,ETISALAT,TELECOM,APP,31/05/2026 20:18
BILL-70128,CUST-1063,2332.02,AED,1,ADDC,UTILITIES,APP,10/06/2026 16:23
BILL-70129,CUST-1180,2198.41,AED,1,DU,TELECOM,APP,05/06/2026 11:33
BILL-70130,CUST-1213,2072.11,AED,1,DU,TELECOM,APP,07/06/2026 08:16
BILL-70131,CUST-1217,1235.94,AED,1,SALIK,TOLL,APP,03/06/2026 08:00
BILL-70132,CUST-1018,1575.33,AED,1,SALIK,TOLL,APP,05/06/2026 19:13
BILL-70133,CUST-1065,982.64,AED,0,RTA_FINES,GOVERNMENT,APP,27/05/2026 23:52
BILL-70134,CUST-1120,179.89,AED,1,DEWA,UTILITIES,WEB,05/06/2026 23:12
BILL-70135,CUST-1033,2024.24,AED,1,DU,TELECOM,APP,28/05/2026 07:18
BILL-70136,CUST-1270,906.63,AED,2,DU,TELECOM,WEB,10/06/2026 20:16
BILL-70137,CUST-1188,63.16,AED,2,DU,TELECOM,APP,08/06/2026 05:44
BILL-70138,CUST-1094,1556.16,AED,1,ETISALAT,TELECOM,WEB,13/06/2026 23:59
BILL-70139,CUST-1138,31.65,AED,1,DU,TELECOM,APP,19/06/2026 00:47
BILL-70140,CUST-1239,1462.97,AED,0,DEWA,UTILITIES,APP,07/06/2026 19:34
BILL-70141,CUST-1123,2817.33,AED,1,SALIK,TOLL,WEB,12/06/2026 13:21
BILL-70142,CUST-1250,1319.77,AED,1,ETISALAT,TELECOM,WEB,19/06/2026 07:55
BILL-70143,CUST-1224,399.28,AED,1,SEWA,UTILITIES,WEB,22/06/2026 00:07
BILL-70144,CUST-1164,943.75,AED,1,SALIK,TOLL,WEB,05/06/2026 19:14
BILL-70145,CUST-1092,2729.23,AED,1,SEWA,UTILITIES,WEB,01/06/2026 15:31
BILL-70146,CUST-1297,667.12,AED,2,ETISALAT,TELECOM,APP,02/06/2026 22:42
BILL-70147,CUST-1236,2129.25,AED,1,ADDC,UTILITIES,APP,01/06/2026 07:03
BILL-70148,CUST-1106,2656.41,AED,1,SEWA,UTILITIES,APP,17/06/2026 17:20
BILL-70149,CUST-1080,1428.2,AED,2,RTA_FINES,GOVERNMENT,WEB,23/06/2026 23:28
BILL-70150,CUST-1228,1430.0,AED,1,DU,TELECOM,APP,14/06/2026 06:47
BILL-70151,CUST-1113,1360.77,AED,1,DEWA,UTILITIES,APP,27/05/2026 19:20
BILL-70152,CUST-1177,1806.37,AED,1,Empower,UTILITIES,WEB,19/06/2026 09:17
BILL-70153,CUST-1147,2410.08,AED,1,SEWA,UTILITIES,APP,30/05/2026 07:13
BILL-70154,CUST-1090,120.12,AED,0,ADDC,UTILITIES,WEB,22/06/2026 05:42
BILL-70155,CUST-1045,156.66,AED,0,SALIK,TOLL,WEB,02/06/2026 03:07
BILL-70156,CUST-1201,768.53,AED,1,ETISALAT,TELECOM,WEB,13/06/2026 15:19
BILL-70157,CUST-1107,2474.66,AED,2,DU,TELECOM,WEB,28/05/2026 14:05
BILL-70158,CUST-1075,485.8,AED,2,DU,TELECOM,APP,04/06/2026 13:06
BILL-70159,CUST-1076,512.15,AED,1,Empower,UTILITIES,WEB,19/06/2026 00:36
BILL-70160,CUST-1163,488.49,AED,1,ETISALAT,TELECOM,APP,15/06/2026 19:04
BILL-70161,CUST-1279,972.43,AED,1,Empower,UTILITIES,APP,16/06/2026 11:06
BILL-70162,CUST-1096,1630.41,AED,1,ETISALAT,TELECOM,APP,16/06/2026 08:43
BILL-70163,CUST-1022,2700.55,AED,0,DEWA,UTILITIES,WEB,27/05/2026 18:38
BILL-70164,CUST-1175,1553.15,AED,1,ADDC,UTILITIES,WEB,11/06/2026 08:31
BILL-70165,CUST-1145,1219.41,AED,1,SALIK,TOLL,WEB,18/06/2026 00:39
BILL-70166,CUST-1283,1981.05,AED,1,ADDC,UTILITIES,APP,29/05/2026 02:36
BILL-70167,CUST-1215,1920.41,AED,1,DU,TELECOM,APP,30/05/2026 12:54
BILL-70168,CUST-1181,1952.55,AED,2,RTA_FINES,GOVERNMENT,WEB,14/06/2026 12:24
BILL-70169,CUST-1033,1015.87,AED,2,DU,TELECOM,WEB,31/05/2026 05:48
BILL-70170,CUST-1061,1407.31,AED,1,SALIK,TOLL,APP,31/05/2026 13:15
BILL-70171,CUST-1263,1112.02,AED,2,SEWA,UTILITIES,WEB,30/05/2026 05:30
BILL-70172,CUST-1183,2116.83,AED,1,RTA_FINES,GOVERNMENT,WEB,28/05/2026 05:32
BILL-70173,CUST-1167,2371.43,AED,1,RTA_FINES,GOVERNMENT,APP,19/06/2026 11:02
BILL-70174,CUST-1112,1354.16,AED,1,ETISALAT,TELECOM,APP,12/06/2026 06:03
BILL-70175,CUST-1139,1557.19,AED,1,RTA_FINES,GOVERNMENT,APP,30/05/2026 14:26
BILL-70176,CUST-1094,2912.87,AED,1,ADDC,UTILITIES,WEB,03/06/2026 12:13
BILL-70177,CUST-1173,1072.32,AED,1,DU,TELECOM,WEB,21/06/2026 19:14
BILL-70178,CUST-1232,1930.7,AED,1,ETISALAT,TELECOM,WEB,08/06/2026 22:56
BILL-70179,CUST-1139,228.86,AED,1,DEWA,UTILITIES,WEB,27/05/2026 17:03
BILL-70180,CUST-1094,1864.11,AED,1,DEWA,UTILITIES,APP,06/06/2026 11:03
BILL-70181,CUST-1249,482.66,AED,1,ETISALAT,TELECOM,APP,18/06/2026 15:21
BILL-70182,CUST-1185,1922.36,AED,1,ETISALAT,TELECOM,WEB,18/06/2026 07:06
BILL-70183,CUST-1078,515.26,AED,1,ETISALAT,TELECOM,WEB,22/06/2026 23:17
BILL-70184,CUST-1290,1194.49,AED,1,DU,TELECOM,WEB,18/06/2026 21:05
BILL-70185,CUST-1168,610.45,AED,1,RTA_FINES,GOVERNMENT,WEB,28/05/2026 11:10
BILL-70186,CUST-1150,2259.54,AED,1,ETISALAT,TELECOM,WEB,16/06/2026 09:03
BILL-70187,CUST-1025,2853.63,AED,1,DEWA,UTILITIES,APP,08/06/2026 13:20
BILL-70188,CUST-1220,2942.02,AED,1,RTA_FINES,GOVERNMENT,WEB,28/05/2026 21:32
BILL-70189,CUST-1220,2789.27,AED,1,ETISALAT,TELECOM,WEB,30/05/2026 19:51
BILL-70190,CUST-1258,493.13,AED,0,RTA_FINES,GOVERNMENT,WEB,31/05/2026 10:50
BILL-70191,CUST-1271,994.4,AED,1,DEWA,UTILITIES,APP,19/06/2026 18:31
BILL-70192,CUST-1084,1721.17,AED,1,RTA_FINES,GOVERNMENT,WEB,19/06/2026 17:32
BILL-70193,CUST-1107,2425.44,AED,2,ADDC,UTILITIES,APP,01/06/2026 18:38
BILL-70194,CUST-1249,750.24,AED,1,ADDC,UTILITIES,WEB,08/06/2026 16:12
BILL-70195,CUST-1242,2883.61,AED,2,ADDC,UTILITIES,WEB,11/06/2026 16:30
BILL-70196,CUST-1123,774.88,AED,1,ETISALAT,TELECOM,WEB,28/05/2026 08:59
BILL-70197,CUST-1023,1073.25,AED,1,SEWA,UTILITIES,WEB,04/06/2026 04:23
BILL-70198,CUST-1193,2612.86,AED,1,DEWA,UTILITIES,APP,06/06/2026 02:18
BILL-70199,CUST-1266,2092.28,AED,1,RTA_FINES,GOVERNMENT,APP,27/05/2026 08:08
BILL-70200,CUST-1130,2670.69,AED,2,DU,TELECOM,APP,27/05/2026 03:38
BILL-70201,CUST-1042,1570.02,AED,1,SALIK,TOLL,WEB,18/06/2026 13:26
BILL-70202,CUST-1117,2008.32,AED,1,SEWA,UTILITIES,APP,21/06/2026 01:02
BILL-70203,CUST-1120,2609.1,AED,1,ETISALAT,TELECOM,APP,10/06/2026 23:10
BILL-70204,CUST-1202,1746.32,AED,1,SEWA,UTILITIES,WEB,05/06/2026 10:56
BILL-70205,CUST-1069,1943.3,AED,1,SEWA,UTILITIES,WEB,08/06/2026 21:50
BILL-70206,CUST-1282,2425.02,AED,1,ETISALAT,TELECOM,APP,21/06/2026 08:46
BILL-70207,CUST-1039,1168.96,AED,1,DEWA,UTILITIES,WEB,19/06/2026 00:02
BILL-70208,CUST-1078,736.57,AED,1,DEWA,UTILITIES,WEB,11/06/2026 15:05
BILL-70209,CUST-1099,742.25,AED,1,SEWA,UTILITIES,APP,24/06/2026 20:35
BILL-70210,CUST-1002,1789.07,AED,1,DU,TELECOM,APP,02/06/2026 14:44
BILL-70211,CUST-1093,748.33,AED,1,DEWA,UTILITIES,WEB,24/06/2026 15:56
BILL-70212,CUST-1057,565.14,AED,1,DEWA,UTILITIES,APP,23/06/2026 05:53
BILL-70213,CUST-1050,1996.0,AED,1,ETISALAT,TELECOM,WEB,30/05/2026 18:39
BILL-70214,CUST-1294,2098.51,AED,1,RTA_FINES,GOVERNMENT,APP,04/06/2026 20:26
BILL-70215,CUST-1297,1923.79,AED,2,SEWA,UTILITIES,APP,28/05/2026 06:41
BILL-70216,CUST-1175,2531.83,AED,1,RTA_FINES,GOVERNMENT,APP,11/06/2026 23:31
BILL-70217,CUST-1271,730.6,AED,1,DU,TELECOM,WEB,10/06/2026 15:20
BILL-70218,CUST-1160,868.34,AED,1,SEWA,UTILITIES,WEB,31/05/2026 13:50
BILL-70219,CUST-1058,1406.28,AED,1,SEWA,UTILITIES,APP,04/06/2026 22:05
BILL-70220,CUST-1005,417.46,AED,1,Empower,UTILITIES,APP,08/06/2026 08:16
BILL-70221,CUST-1027,158.83,AED,1,DU,TELECOM,APP,09/06/2026 00:42
BILL-70222,CUST-1144,1888.76,AED,1,ETISALAT,TELECOM,APP,25/06/2026 00:17
BILL-70223,CUST-1085,357.5,AED,0,ETISALAT,TELECOM,APP,08/06/2026 20:04
BILL-70224,CUST-1091,810.59,AED,1,ETISALAT,TELECOM,APP,18/06/2026 17:34
BILL-70225,CUST-1095,2139.97,AED,1,SALIK,TOLL,APP,28/05/2026 20:51
BILL-70226,CUST-1083,283.01,AED,1,DEWA,UTILITIES,APP,15/06/2026 08:50
BILL-70227,CUST-1148,513.56,AED,2,SALIK,TOLL,APP,24/06/2026 21:37
BILL-70228,CUST-1252,2045.31,AED,1,RTA_FINES,GOVERNMENT,APP,16/06/2026 12:25
BILL-70229,CUST-1057,2413.55,AED,1,SEWA,UTILITIES,WEB,23/06/2026 12:33
BILL-70230,CUST-1091,973.18,AED,1,DEWA,UTILITIES,APP,19/06/2026 03:38
BILL-70231,CUST-1086,1308.28,AED,1,DU,TELECOM,APP,10/06/2026 13:38
BILL-70232,CUST-1293,910.62,AED,1,DEWA,UTILITIES,WEB,29/05/2026 15:18
BILL-70233,CUST-1144,2837.36,AED,1,DEWA,UTILITIES,WEB,30/05/2026 09:43
BILL-70234,CUST-1267,857.42,AED,1,SEWA,UTILITIES,APP,12/06/2026 23:18
BILL-70235,CUST-1229,980.61,AED,1,DEWA,UTILITIES,APP,02/06/2026 05:06
BILL-70236,CUST-1083,1652.29,AED,1,SALIK,TOLL,WEB,14/06/2026 07:54
BILL-70237,CUST-1254,1522.54,AED,1,ETISALAT,TELECOM,WEB,08/06/2026 23:17
BILL-70238,CUST-1003,1686.21,AED,0,DEWA,UTILITIES,APP,17/06/2026 05:58
BILL-70239,CUST-1201,832.35,AED,1,Empower,UTILITIES,APP,07/06/2026 09:57
BILL-70240,CUST-1164,996.47,AED,1,ETISALAT,TELECOM,APP,27/05/2026 20:46
BILL-70241,CUST-1226,517.65,AED,1,ADDC,UTILITIES,WEB,07/06/2026 01:32
BILL-70242,CUST-1280,578.45,AED,1,ADDC,UTILITIES,APP,19/06/2026 01:53
BILL-70243,CUST-1066,52.43,AED,1,ETISALAT,TELECOM,APP,23/06/2026 16:53
BILL-70244,CUST-1098,781.74,AED,1,SEWA,UTILITIES,APP,27/05/2026 20:06
BILL-70245,CUST-1037,2659.67,AED,1,DEWA,UTILITIES,APP,24/06/2026 08:41
BILL-70246,CUST-1155,143.54,AED,1,ADDC,UTILITIES,APP,15/06/2026 03:06
BILL-70247,CUST-1139,2570.47,AED,1,Empower,UTILITIES,APP,05/06/2026 11:44
BILL-70248,CUST-1025,2011.51,AED,1,Empower,UTILITIES,WEB,24/06/2026 03:46
BILL-70249,CUST-1290,1318.18,AED,1,Empower,UTILITIES,WEB,14/06/2026 02:20
BILL-70250,CUST-1083,2684.82,AED,1,SEWA,UTILITIES,APP,29/05/2026 11:31
BILL-70251,CUST-1157,1911.47,AED,1,DEWA,UTILITIES,APP,28/05/2026 02:55
BILL-70252,CUST-1295,206.07,AED,1,SEWA,UTILITIES,APP,05/06/2026 09:54
BILL-70253,CUST-1171,2102.13,AED,1,DU,TELECOM,WEB,12/06/2026 19:21
BILL-70254,CUST-1036,1761.72,AED,1,RTA_FINES,GOVERNMENT,APP,18/06/2026 06:55
BILL-70255,CUST-1014,307.37,AED,1,RTA_FINES,GOVERNMENT,APP,30/05/2026 01:35
BILL-70256,CUST-1216,933.14,AED,1,Empower,UTILITIES,WEB,17/06/2026 19:39
BILL-70257,CUST-1020,404.23,AED,1,Empower,UTILITIES,APP,12/06/2026 20:17
BILL-70258,CUST-1179,2872.61,AED,1,DU,TELECOM,WEB,25/06/2026 00:32
BILL-70259,CUST-1225,1392.14,AED,1,ADDC,UTILITIES,WEB,10/06/2026 11:52
BILL-70260,CUST-1030,1859.46,AED,1,ADDC,UTILITIES,APP,07/06/2026 03:42
BILL-70261,CUST-1120,1095.07,AED,1,Empower,UTILITIES,WEB,13/06/2026 22:42
BILL-70262,CUST-1087,1865.81,AED,1,Empower,UTILITIES,APP,31/05/2026 05:42
BILL-70263,CUST-1241,2677.41,AED,1,SALIK,TOLL,APP,19/06/2026 10:04
BILL-70264,CUST-1015,2684.95,AED,1,DU,TELECOM,APP,19/06/2026 02:32
BILL-70265,CUST-1216,602.44,AED,1,RTA_FINES,GOVERNMENT,WEB,22/06/2026 02:38
BILL-70266,CUST-1273,872.27,AED,1,DU,TELECOM,WEB,04/06/2026 12:11
BILL-70267,CUST-1163,2174.05,AED,1,ETISALAT,TELECOM,WEB,19/06/2026 04:58
BILL-70268,CUST-1039,1668.16,AED,1,ETISALAT,TELECOM,WEB,26/05/2026 21:33
BILL-70269,CUST-1085,2371.32,AED,1,RTA_FINES,GOVERNMENT,WEB,24/06/2026 22:25
BILL-70270,CUST-1120,2573.53,AED,1,ETISALAT,TELECOM,WEB,19/06/2026 04:51
BILL-70271,CUST-1053,1244.81,AED,1,DEWA,UTILITIES,APP,08/06/2026 02:49
BILL-70272,CUST-1059,800.17,AED,1,DEWA,UTILITIES,APP,23/06/2026 08:39
BILL-70273,CUST-1130,2649.07,AED,1,ETISALAT,TELECOM,APP,12/06/2026 15:25
BILL-70274,CUST-1108,1215.43,AED,1,RTA_FINES,GOVERNMENT,WEB,31/05/2026 06:14
BILL-70275,CUST-1099,1106.02,AED,1,ETISALAT,TELECOM,WEB,09/06/2026 03:43
BILL-70276,CUST-1185,2401.65,AED,1,SALIK,TOLL,WEB,03/06/2026 05:57
BILL-70277,CUST-1075,270.48,AED,1,DU,TELECOM,WEB,18/06/2026 05:35
BILL-70278,CUST-1150,2975.05,AED,1,DU,TELECOM,WEB,13/06/2026 22:00
BILL-70279,CUST-1041,1902.69,AED,1,ADDC,UTILITIES,WEB,15/06/2026 09:05
BILL-70280,CUST-1193,728.16,AED,1,DU,TELECOM,WEB,18/06/2026 15:11
BILL-70281,CUST-1062,2936.53,AED,1,SEWA,UTILITIES,WEB,10/06/2026 15:55
BILL-70282,CUST-1128,1988.67,AED,1,ADDC,UTILITIES,APP,11/06/2026 00:56
BILL-70283,CUST-1088,774.49,AED,2,Empower,UTILITIES,APP,30/05/2026 14:46
BILL-70284,CUST-1191,2298.73,AED,1,Empower,UTILITIES,APP,20/06/2026 22:40
BILL-70285,CUST-1031,1404.86,AED,1,DEWA,UTILITIES,WEB,02/06/2026 20:53
BILL-70286,CUST-1270,676.32,AED,1,SEWA,UTILITIES,WEB,03/06/2026 21:18
BILL-70287,CUST-1120,165.18,AED,1,ADDC,UTILITIES,APP,09/06/2026 04:10
BILL-70288,CUST-1039,96.62,AED,1,ETISALAT,TELECOM,APP,29/05/2026 04:59
BILL-70289,CUST-1153,2714.19,AED,1,RTA_FINES,GOVERNMENT,WEB,19/06/2026 16:24
BILL-70290,CUST-1086,939.44,AED,2,RTA_FINES,GOVERNMENT,APP,28/05/2026 10:21
BILL-70291,CUST-1137,1903.07,AED,1,SEWA,UTILITIES,WEB,31/05/2026 14:38
BILL-70292,CUST-1058,2181.67,AED,1,RTA_FINES,GOVERNMENT,WEB,20/06/2026 17:34
BILL-70293,CUST-1158,1829.27,AED,1,Empower,UTILITIES,APP,17/06/2026 02:56
BILL-70294,CUST-1018,1169.56,AED,1,Empower,UTILITIES,WEB,14/06/2026 04:01
BILL-70295,CUST-1224,268.9,AED,1,DU,TELECOM,APP,15/06/2026 01:38
BILL-70296,CUST-1163,26.63,AED,2,ADDC,UTILITIES,APP,13/06/2026 19:52
BILL-70297,CUST-1000,2731.13,AED,2,DEWA,UTILITIES,APP,10/06/2026 10:07
BILL-70298,CUST-1084,1682.61,AED,1,Empower,UTILITIES,WEB,31/05/2026 14:43
BILL-70299,CUST-1068,356.2,AED,1,ETISALAT,TELECOM,APP,08/06/2026 09:47
BILL-70300,CUST-1135,2247.65,AED,1,SEWA,UTILITIES,WEB,22/06/2026 20:36
BILL-70301,CUST-1236,1863.06,AED,2,DEWA,UTILITIES,WEB,14/06/2026 13:31
BILL-70302,CUST-1258,2627.79,AED,1,Empower,UTILITIES,APP,18/06/2026 05:34
BILL-70303,CUST-1146,272.64,AED,1,SEWA,UTILITIES,APP,09/06/2026 03:57
BILL-70304,CUST-1243,684.06,AED,1,DEWA,UTILITIES,APP,11/06/2026 07:47
BILL-70305,CUST-1034,2160.84,AED,1,RTA_FINES,GOVERNMENT,WEB,28/05/2026 12:12
BILL-70306,CUST-1139,1381.73,AED,1,SALIK,TOLL,WEB,28/05/2026 22:17
BILL-70307,CUST-1250,2112.94,AED,1,ETISALAT,TELECOM,APP,01/06/2026 15:04
BILL-70308,CUST-1174,956.89,AED,1,DEWA,UTILITIES,WEB,13/06/2026 03:50
BILL-70309,CUST-1199,1341.86,AED,1,ETISALAT,TELECOM,WEB,30/05/2026 21:33
BILL-70310,CUST-1020,1119.54,AED,1,SEWA,UTILITIES,WEB,29/05/2026 08:45
BILL-70311,CUST-1162,33.24,AED,1,SEWA,UTILITIES,APP,15/06/2026 14:58
BILL-70312,CUST-1174,2919.79,AED,1,ETISALAT,TELECOM,APP,15/06/2026 12:46
BILL-70313,CUST-1282,1905.37,AED,1,SALIK,TOLL,WEB,21/06/2026 08:39
BILL-70314,CUST-1214,650.21,AED,1,DEWA,UTILITIES,WEB,14/06/2026 08:32
BILL-70315,CUST-1008,2722.13,AED,1,RTA_FINES,GOVERNMENT,APP,08/06/2026 13:25
BILL-70316,CUST-1029,284.04,AED,1,SEWA,UTILITIES,APP,04/06/2026 23:15
BILL-70317,CUST-1194,946.19,AED,1,ADDC,UTILITIES,WEB,11/06/2026 09:15
BILL-70318,CUST-1066,2566.72,AED,1,DEWA,UTILITIES,WEB,23/06/2026 23:35
BILL-70319,CUST-1119,978.52,AED,1,SALIK,TOLL,APP,15/06/2026 07:05
BILL-70320,CUST-1125,1422.48,AED,1,DU,TELECOM,WEB,26/05/2026 17:55
BILL-70321,CUST-1213,2765.02,AED,1,Empower,UTILITIES,WEB,26/05/2026 20:11
BILL-70322,CUST-1248,2628.94,AED,1,ETISALAT,TELECOM,WEB,30/05/2026 19:55
BILL-70323,CUST-1169,246.62,AED,1,ADDC,UTILITIES,WEB,03/06/2026 01:10
BILL-70324,CUST-1214,1384.74,AED,1,DU,TELECOM,APP,28/05/2026 21:01
BILL-70325,CUST-1166,2323.12,AED,1,Empower,UTILITIES,WEB,09/06/2026 04:39
BILL-70326,CUST-1140,1696.57,AED,2,ADDC,UTILITIES,WEB,23/06/2026 14:45
BILL-70327,CUST-1107,2363.88,AED,1,ADDC,UTILITIES,WEB,03/06/2026 02:51
BILL-70328,CUST-1072,199.46,AED,1,DEWA,UTILITIES,WEB,20/06/2026 17:05
BILL-70329,CUST-1000,195.37,AED,1,Empower,UTILITIES,APP,31/05/2026 21:14
BILL-70330,CUST-1065,862.95,AED,1,SEWA,UTILITIES,WEB,10/06/2026 16:53
BILL-70331,CUST-1113,2514.73,AED,1,SALIK,TOLL,WEB,09/06/2026 23:10
BILL-70332,CUST-1246,1137.85,AED,1,ETISALAT,TELECOM,WEB,07/06/2026 02:10
BILL-70333,CUST-1213,229.56,AED,1,DU,TELECOM,WEB,15/06/2026 09:26
BILL-70334,CUST-1138,197.46,AED,1,DEWA,UTILITIES,APP,21/06/2026 01:01
BILL-70335,CUST-1104,805.11,AED,1,ETISALAT,TELECOM,APP,11/06/2026 02:39
BILL-70336,CUST-1269,1498.16,AED,1,Empower,UTILITIES,APP,15/06/2026 07:56
BILL-70337,CUST-1178,2989.87,AED,1,RTA_FINES,GOVERNMENT,APP,31/05/2026 00:03
BILL-70338,CUST-1146,325.18,AED,1,DEWA,UTILITIES,APP,05/06/2026 15:54
BILL-70339,CUST-1024,2977.3,AED,1,RTA_FINES,GOVERNMENT,APP,24/06/2026 07:02
BILL-70340,CUST-1149,858.49,AED,1,SALIK,TOLL,WEB,23/06/2026 09:15
BILL-70341,CUST-1027,2001.61,AED,0,RTA_FINES,GOVERNMENT,APP,28/05/2026 20:36
BILL-70342,CUST-1044,683.1,AED,1,ETISALAT,TELECOM,APP,13/06/2026 12:15
BILL-70343,CUST-1016,1749.45,AED,1,SEWA,UTILITIES,WEB,07/06/2026 21:57
BILL-70344,CUST-1255,2819.84,AED,1,RTA_FINES,GOVERNMENT,WEB,02/06/2026 08:07
BILL-70345,CUST-1175,2300.43,AED,1,RTA_FINES,GOVERNMENT,WEB,10/06/2026 22:34
BILL-70346,CUST-1152,1005.86,AED,1,SALIK,TOLL,APP,02/06/2026 04:06
BILL-70347,CUST-1169,2421.65,AED,0,SEWA,UTILITIES,WEB,12/06/2026 03:21
BILL-70348,CUST-1055,2707.19,AED,1,SEWA,UTILITIES,WEB,03/06/2026 13:12
BILL-70349,CUST-1190,632.16,AED,1,SALIK,TOLL,APP,30/05/2026 17:51
BILL-70350,CUST-1096,1965.35,AED,1,ETISALAT,TELECOM,APP,28/05/2026 16:26
BILL-70351,CUST-1159,2921.94,AED,1,SEWA,UTILITIES,WEB,20/06/2026 21:10
BILL-70352,CUST-1237,88.06,AED,1,DEWA,UTILITIES,WEB,07/06/2026 00:12
BILL-70353,CUST-1216,62.33,AED,9,ADDC,UTILITIES,WEB,28/05/2026 06:34
BILL-70354,CUST-1163,1904.08,AED,1,SEWA,UTILITIES,WEB,19/06/2026 17:06
BILL-70355,CUST-1223,488.42,AED,1,Empower,UTILITIES,WEB,10/06/2026 22:54
BILL-70356,CUST-1130,1989.49,AED,1,ETISALAT,TELECOM,WEB,02/06/2026 07:09
BILL-70357,CUST-1298,859.98,AED,1,ADDC,UTILITIES,WEB,16/06/2026 03:43
BILL-70358,CUST-1176,519.83,AED,1,ADDC,UTILITIES,APP,21/06/2026 03:02
BILL-70359,CUST-1259,1867.61,AED,1,SALIK,TOLL,WEB,20/06/2026 10:03
BILL-70360,CUST-1191,1647.67,AED,1,ADDC,UTILITIES,WEB,12/06/2026 20:21
BILL-70361,CUST-1153,2493.85,AED,1,SEWA,UTILITIES,APP,31/05/2026 05:15
BILL-70362,CUST-1298,220.31,AED,0,SALIK,TOLL,WEB,29/05/2026 20:26
BILL-70363,CUST-1150,2995.34,AED,1,RTA_FINES,GOVERNMENT,WEB,02/06/2026 11:21
BILL-70364,CUST-1121,2477.51,AED,1,ADDC,UTILITIES,APP,17/06/2026 04:02
BILL-70365,CUST-1086,923.41,AED,1,SALIK,TOLL,WEB,26/05/2026 10:41
BILL-70366,CUST-1169,781.82,AED,1,SALIK,TOLL,APP,24/06/2026 06:12
BILL-70367,CUST-1249,1805.37,AED,1,Empower,UTILITIES,APP,15/06/2026 20:12
BILL-70368,CUST-1192,1365.25,AED,1,DU,TELECOM,APP,07/06/2026 23:43
BILL-70369,CUST-1175,2713.02,AED,2,ADDC,UTILITIES,APP,15/06/2026 20:11
BILL-70370,CUST-1029,2396.42,AED,1,DEWA,UTILITIES,APP,05/06/2026 20:37
BILL-70371,CUST-1253,739.11,AED,0,DEWA,UTILITIES,WEB,29/05/2026 19:34
BILL-70372,CUST-1054,1252.54,AED,1,ETISALAT,TELECOM,WEB,12/06/2026 02:26
BILL-70373,CUST-1065,2409.64,AED,9,Empower,UTILITIES,APP,11/06/2026 13:51
BILL-70374,CUST-1179,1454.67,AED,1,DU,TELECOM,WEB,19/06/2026 01:10
BILL-70375,CUST-1257,2140.66,AED,0,ADDC,UTILITIES,APP,30/05/2026 10:03
BILL-70376,CUST-1250,2068.05,AED,1,RTA_FINES,GOVERNMENT,WEB,02/06/2026 18:07
BILL-70377,CUST-1026,1280.26,AED,1,SALIK,TOLL,APP,09/06/2026 05:58
BILL-70378,CUST-1056,2083.85,AED,1,Empower,UTILITIES,WEB,29/05/2026 12:11
BILL-70379,CUST-1215,1255.46,AED,1,SEWA,UTILITIES,WEB,01/06/2026 07:14
BILL-70380,CUST-1215,2803.98,AED,1,ETISALAT,TELECOM,WEB,30/05/2026 07:56
BILL-70381,CUST-1174,1714.65,AED,1,DEWA,UTILITIES,WEB,23/06/2026 07:01
BILL-70382,CUST-1059,2593.58,AED,1,RTA_FINES,GOVERNMENT,APP,11/06/2026 09:30
BILL-70383,CUST-1212,2952.78,AED,1,SALIK,TOLL,APP,16/06/2026 01:28
BILL-70384,CUST-1038,1542.06,AED,1,SALIK,TOLL,WEB,26/05/2026 20:50
BILL-70385,CUST-1065,262.94,AED,1,SEWA,UTILITIES,WEB,01/06/2026 02:28
BILL-70386,CUST-1159,1682.97,AED,2,Empower,UTILITIES,WEB,04/06/2026 08:56
BILL-70387,CUST-1269,1455.57,AED,2,DU,TELECOM,WEB,10/06/2026 13:19
BILL-70388,CUST-1292,1286.08,AED,1,SEWA,UTILITIES,APP,17/06/2026 18:58
BILL-70389,CUST-1026,794.41,AED,1,Empower,UTILITIES,WEB,13/06/2026 05:44
BILL-70390,CUST-1092,2290.51,AED,1,ADDC,UTILITIES,APP,05/06/2026 10:18
BILL-70391,CUST-1120,32.89,AED,1,ADDC,UTILITIES,APP,29/05/2026 04:51
BILL-70392,CUST-1005,349.58,AED,1,RTA_FINES,GOVERNMENT,APP,03/06/2026 18:31
BILL-70393,CUST-1292,2479.98,AED,1,SEWA,UTILITIES,APP,08/06/2026 12:37
BILL-70394,CUST-1268,1101.21,AED,1,DEWA,UTILITIES,APP,08/06/2026 14:59
BILL-70395,CUST-1215,2368.59,AED,1,DEWA,UTILITIES,APP,13/06/2026 10:50
BILL-70396,CUST-1178,1263.19,AED,9,ETISALAT,TELECOM,APP,25/06/2026 05:31
BILL-70397,CUST-1251,1375.23,AED,1,SALIK,TOLL,WEB,13/06/2026 19:43
BILL-70398,CUST-1033,25.56,AED,1,DU,TELECOM,APP,31/05/2026 14:21
BILL-70399,CUST-1111,2568.33,AED,1,DEWA,UTILITIES,WEB,06/06/2026 05:28
BILL-70400,CUST-1065,939.44,AED,1,ETISALAT,TELECOM,APP,21/06/2026 19:40
BILL-70401,CUST-1195,636.92,AED,1,DU,TELECOM,APP,19/06/2026 02:31
BILL-70402,CUST-1174,2520.38,AED,1,ETISALAT,TELECOM,APP,19/06/2026 19:15
BILL-70403,CUST-1006,2896.72,AED,1,ADDC,UTILITIES,APP,24/06/2026 05:54
BILL-70404,CUST-1298,1001.96,AED,0,RTA_FINES,GOVERNMENT,WEB,03/06/2026 00:50
BILL-70405,CUST-1287,1017.83,AED,1,SEWA,UTILITIES,APP,03/06/2026 08:18
BILL-70406,CUST-1083,1517.5,AED,1,SEWA,UTILITIES,WEB,03/06/2026 00:57
BILL-70407,CUST-1107,1919.89,AED,1,DEWA,UTILITIES,WEB,12/06/2026 00:02
BILL-70408,CUST-1155,1450.88,AED,1,RTA_FINES,GOVERNMENT,APP,07/06/2026 06:22
BILL-70409,CUST-1212,2855.94,AED,1,ADDC,UTILITIES,WEB,27/05/2026 06:51
BILL-70410,CUST-1102,2931.99,AED,1,ETISALAT,TELECOM,APP,03/06/2026 23:59
BILL-70411,CUST-1015,2501.16,AED,1,DU,TELECOM,WEB,07/06/2026 11:05
BILL-70412,CUST-1055,1987.25,AED,1,ETISALAT,TELECOM,WEB,09/06/2026 01:52
BILL-70413,CUST-1229,2859.51,AED,1,ADDC,UTILITIES,WEB,22/06/2026 13:59
BILL-70414,CUST-1298,1901.45,AED,1,SEWA,UTILITIES,APP,06/06/2026 01:00
BILL-70415,CUST-1256,1375.23,AED,1,RTA_FINES,GOVERNMENT,WEB,15/06/2026 22:05
BILL-70416,CUST-1203,1002.69,AED,1,ADDC,UTILITIES,WEB,09/06/2026 03:45
BILL-70417,CUST-1256,1079.51,AED,0,SEWA,UTILITIES,APP,31/05/2026 17:44
BILL-70418,CUST-1002,2722.67,AED,1,ADDC,UTILITIES,WEB,10/06/2026 18:08
BILL-70419,CUST-1226,1500.02,AED,1,Empower,UTILITIES,APP,17/06/2026 07:37
BILL-70420,CUST-1209,2574.21,AED,1,SEWA,UTILITIES,WEB,17/06/2026 02:46
BILL-70421,CUST-1260,2708.63,AED,1,ADDC,UTILITIES,APP,24/06/2026 14:19
BILL-70422,CUST-1055,2522.25,AED,1,RTA_FINES,GOVERNMENT,WEB,15/06/2026 14:49
BILL-70423,CUST-1067,1696.92,AED,1,DEWA,UTILITIES,WEB,23/06/2026 02:15
BILL-70424,CUST-1097,2019.29,AED,2,DU,TELECOM,WEB,19/06/2026 07:44
BILL-70425,CUST-1234,1451.17,AED,1,SALIK,TOLL,WEB,12/06/2026 18:15
BILL-70426,CUST-1277,1617.45,AED,1,ETISALAT,TELECOM,WEB,01/06/2026 18:14
BILL-70427,CUST-1017,2126.96,AED,1,DEWA,UTILITIES,APP,17/06/2026 07:17
BILL-70428,CUST-1204,2239.55,AED,1,SALIK,TOLL,APP,10/06/2026 10:58
BILL-70429,CUST-1288,2096.96,AED,2,ETISALAT,TELECOM,WEB,18/06/2026 09:45
BILL-70430,CUST-1196,2425.06,AED,1,ETISALAT,TELECOM,WEB,19/06/2026 15:55
BILL-70431,CUST-1015,1256.9,AED,1,Empower,UTILITIES,WEB,29/05/2026 18:07
BILL-70432,CUST-1017,2122.31,AED,1,RTA_FINES,GOVERNMENT,APP,17/06/2026 16:55
BILL-70433,CUST-1069,22.14,AED,1,Empower,UTILITIES,APP,30/05/2026 11:13
BILL-70434,CUST-1109,1660.73,AED,1,ETISALAT,TELECOM,APP,09/06/2026 04:50
BILL-70435,CUST-1005,2279.89,AED,1,ADDC,UTILITIES,WEB,02/06/2026 14:03
BILL-70436,CUST-1219,2935.93,AED,1,Empower,UTILITIES,APP,10/06/2026 22:16
BILL-70437,CUST-1227,686.16,AED,2,ETISALAT,TELECOM,WEB,05/06/2026 13:23
BILL-70438,CUST-1185,1273.17,AED,1,RTA_FINES,GOVERNMENT,WEB,15/06/2026 19:00
BILL-70439,CUST-1177,1228.78,AED,1,DEWA,UTILITIES,WEB,10/06/2026 10:28
BILL-70440,CUST-1208,1477.57,AED,1,ETISALAT,TELECOM,WEB,15/06/2026 23:09
BILL-70441,CUST-1103,1811.09,AED,1,Empower,UTILITIES,WEB,29/05/2026 12:20
BILL-70442,CUST-1174,826.23,AED,1,DEWA,UTILITIES,WEB,30/05/2026 12:54
BILL-70443,CUST-1025,2270.06,AED,1,ETISALAT,TELECOM,WEB,02/06/2026 21:18
BILL-70444,CUST-1082,1004.94,AED,1,DEWA,UTILITIES,APP,22/06/2026 21:12
BILL-70445,CUST-1216,2520.58,AED,1,ADDC,UTILITIES,APP,30/05/2026 18:08
BILL-70446,CUST-1260,2685.87,AED,0,Empower,UTILITIES,APP,15/06/2026 11:24
BILL-70447,CUST-1156,62.11,AED,1,DEWA,UTILITIES,WEB,18/06/2026 12:16
BILL-70448,CUST-1239,2310.33,AED,1,SALIK,TOLL,APP,25/06/2026 02:53
BILL-70449,CUST-1017,1363.22,AED,1,DEWA,UTILITIES,WEB,12/06/2026 12:45
BILL-70450,CUST-1118,1899.8,AED,2,Empower,UTILITIES,WEB,24/06/2026 13:57
BILL-70451,CUST-1293,711.29,AED,1,RTA_FINES,GOVERNMENT,APP,30/05/2026 19:16
BILL-70452,CUST-1053,647.79,AED,1,DU,TELECOM,WEB,31/05/2026 13:09
BILL-70453,CUST-1254,221.7,AED,1,RTA_FINES,GOVERNMENT,APP,12/06/2026 17:51
BILL-70454,CUST-1179,895.5,AED,1,DEWA,UTILITIES,WEB,30/05/2026 15:29
BILL-70455,CUST-1183,1898.17,AED,1,ADDC,UTILITIES,APP,28/05/2026 03:51
BILL-70456,CUST-1100,2271.97,AED,1,DEWA,UTILITIES,WEB,08/06/2026 01:40
BILL-70457,CUST-1295,895.54,AED,1,DEWA,UTILITIES,WEB,20/06/2026 12:43
BILL-70458,CUST-1160,1702.86,AED,1,ADDC,UTILITIES,APP,31/05/2026 03:18
BILL-70459,CUST-1071,755.77,AED,1,ETISALAT,TELECOM,WEB,03/06/2026 10:53
BILL-70460,CUST-1199,2560.7,AED,1,Empower,UTILITIES,WEB,27/05/2026 11:25
BILL-70461,CUST-1036,2684.85,AED,2,SALIK,TOLL,WEB,16/06/2026 18:58
BILL-70462,CUST-1288,1843.44,AED,9,ETISALAT,TELECOM,WEB,28/05/2026 06:19
BILL-70463,CUST-1146,884.79,AED,0,Empower,UTILITIES,APP,11/06/2026 01:19
BILL-70464,CUST-1261,605.73,AED,1,SEWA,UTILITIES,APP,31/05/2026 23:30
BILL-70465,CUST-1229,2122.82,AED,1,ETISALAT,TELECOM,WEB,12/06/2026 09:48
BILL-70466,CUST-1261,517.2,AED,1,ETISALAT,TELECOM,WEB,23/06/2026 01:01
BILL-70467,CUST-1286,257.94,AED,1,DU,TELECOM,APP,11/06/2026 15:35
BILL-70468,CUST-1039,2441.87,AED,1,SEWA,UTILITIES,WEB,15/06/2026 08:37
BILL-70469,CUST-1229,1229.86,AED,1,Empower,UTILITIES,WEB,08/06/2026 21:02
BILL-70470,CUST-1286,1666.96,AED,1,ADDC,UTILITIES,APP,09/06/2026 00:30
BILL-70471,CUST-1079,1601.38,AED,1,DEWA,UTILITIES,WEB,26/05/2026 22:43
BILL-70472,CUST-1017,1085.41,AED,1,DU,TELECOM,APP,14/06/2026 20:56
BILL-70473,CUST-1107,1264.58,AED,1,DEWA,UTILITIES,WEB,12/06/2026 09:42
BILL-70474,CUST-1056,1792.01,AED,1,Empower,UTILITIES,APP,26/05/2026 20:50
BILL-70475,CUST-1089,1146.46,AED,1,Empower,UTILITIES,WEB,31/05/2026 16:51
BILL-70476,CUST-1144,1737.04,AED,1,RTA_FINES,GOVERNMENT,WEB,12/06/2026 10:41
BILL-70477,CUST-1048,2089.26,AED,1,SALIK,TOLL,WEB,03/06/2026 19:41
BILL-70478,CUST-1090,1079.22,AED,0,SALIK,TOLL,WEB,30/05/2026 17:01
BILL-70479,CUST-1265,1604.89,AED,1,DU,TELECOM,APP,12/06/2026 13:50
BILL-70480,CUST-1057,2452.79,AED,1,DEWA,UTILITIES,APP,25/06/2026 05:37
BILL-70481,CUST-1057,957.73,AED,1,SEWA,UTILITIES,WEB,13/06/2026 21:29
BILL-70482,CUST-1278,2596.51,AED,1,ETISALAT,TELECOM,WEB,28/05/2026 08:25
BILL-70483,CUST-1215,1493.45,AED,1,DU,TELECOM,WEB,26/05/2026 18:53
BILL-70484,CUST-1272,47.55,AED,1,RTA_FINES,GOVERNMENT,APP,01/06/2026 15:52
BILL-70485,CUST-1034,2581.25,AED,1,ETISALAT,TELECOM,WEB,11/06/2026 22:53
BILL-70486,CUST-1090,2283.02,AED,1,DEWA,UTILITIES,WEB,16/06/2026 12:17
BILL-70487,CUST-1176,1142.93,AED,0,DU,TELECOM,APP,18/06/2026 17:35
BILL-70488,CUST-1125,915.95,AED,1,ADDC,UTILITIES,APP,18/06/2026 02:04
BILL-70489,CUST-1231,179.72,AED,1,SALIK,TOLL,WEB,23/06/2026 20:07
BILL-70490,CUST-1240,2562.63,AED,1,SALIK,TOLL,APP,21/06/2026 23:06
BILL-70491,CUST-1103,2416.21,AED,1,DEWA,UTILITIES,APP,14/06/2026 00:37
BILL-70492,CUST-1056,2001.98,AED,2,RTA_FINES,GOVERNMENT,WEB,16/06/2026 23:22
BILL-70493,CUST-1296,2807.86,AED,2,RTA_FINES,GOVERNMENT,WEB,24/06/2026 06:15
BILL-70494,CUST-1110,1905.13,AED,1,ADDC,UTILITIES,APP,21/06/2026 04:50
BILL-70495,CUST-1142,1419.36,AED,2,SALIK,TOLL,WEB,08/06/2026 18:05
BILL-70496,CUST-1211,1589.3,AED,1,ADDC,UTILITIES,APP,16/06/2026 16:48
BILL-70497,CUST-1091,2177.23,AED,1,ADDC,UTILITIES,APP,21/06/2026 20:25
BILL-70498,CUST-1114,435.7,AED,2,ADDC,UTILITIES,APP,24/06/2026 00:13
BILL-70499,CUST-1094,1058.58,AED,0,RTA_FINES,GOVERNMENT,WEB,22/06/2026 10:57
BILL-70500,CUST-1256,1094.38,AED,1,SEWA,UTILITIES,WEB,22/06/2026 13:00
BILL-70501,CUST-1162,1625.54,AED,1,ADDC,UTILITIES,APP,13/06/2026 09:51
BILL-70502,CUST-1026,2673.81,AED,1,DEWA,UTILITIES,WEB,24/06/2026 21:07
BILL-70503,CUST-1081,1525.16,AED,1,ETISALAT,TELECOM,WEB,13/06/2026 11:27
BILL-70504,CUST-1004,938.89,AED,1,DU,TELECOM,WEB,18/06/2026 00:13
BILL-70505,CUST-1218,2488.39,AED,1,SEWA,UTILITIES,WEB,27/05/2026 14:13
BILL-70506,CUST-1099,460.32,AED,2,SEWA,UTILITIES,WEB,23/06/2026 14:28
BILL-70507,CUST-1088,2554.29,AED,1,RTA_FINES,GOVERNMENT,WEB,04/06/2026 23:21
BILL-70508,CUST-1152,1326.0,AED,1,ETISALAT,TELECOM,APP,27/05/2026 01:40
BILL-70509,CUST-1185,1642.24,AED,1,ADDC,UTILITIES,WEB,19/06/2026 08:57
BILL-70510,CUST-1201,643.82,AED,1,ETISALAT,TELECOM,APP,08/06/2026 15:36
BILL-70511,CUST-1198,144.8,AED,1,DU,TELECOM,APP,11/06/2026 17:48
BILL-70512,CUST-1263,2313.07,AED,1,ADDC,UTILITIES,APP,19/06/2026 01:39
BILL-70513,CUST-1159,1833.82,AED,1,RTA_FINES,GOVERNMENT,WEB,02/06/2026 09:30
BILL-70514,CUST-1144,1721.47,AED,1,Empower,UTILITIES,APP,31/05/2026 23:25
BILL-70515,CUST-1130,2562.64,AED,0,ETISALAT,TELECOM,APP,19/06/2026 00:58
BILL-70516,CUST-1117,2829.5,AED,1,DEWA,UTILITIES,APP,22/06/2026 07:08
BILL-70517,CUST-1192,1305.97,AED,2,ETISALAT,TELECOM,APP,23/06/2026 07:42
BILL-70518,CUST-1162,931.96,AED,1,SALIK,TOLL,APP,08/06/2026 12:29
BILL-70519,CUST-1232,1853.66,AED,1,SALIK,TOLL,APP,01/06/2026 16:31
BILL-70520,CUST-1038,2296.15,AED,1,SALIK,TOLL,APP,23/06/2026 20:24
BILL-70521,CUST-1040,128.43,AED,2,RTA_FINES,GOVERNMENT,WEB,20/06/2026 12:28
BILL-70522,CUST-1093,2601.59,AED,1,DEWA,UTILITIES,WEB,08/06/2026 23:11
BILL-70523,CUST-1053,1337.75,AED,1,DEWA,UTILITIES,WEB,10/06/2026 10:44
BILL-70524,CUST-1194,2675.8,AED,1,SEWA,UTILITIES,WEB,29/05/2026 21:56
BILL-70525,CUST-1213,1178.81,AED,1,DEWA,UTILITIES,WEB,29/05/2026 18:10
BILL-70526,CUST-1113,2548.14,AED,1,Empower,UTILITIES,APP,05/06/2026 12:32
BILL-70527,CUST-1090,2735.3,AED,1,DEWA,UTILITIES,APP,15/06/2026 03:03
BILL-70528,CUST-1177,812.91,AED,1,ETISALAT,TELECOM,APP,24/06/2026 09:22
BILL-70529,CUST-1007,2067.31,AED,2,SEWA,UTILITIES,APP,13/06/2026 11:54
BILL-70530,CUST-1012,523.41,AED,1,SALIK,TOLL,APP,12/06/2026 04:26
BILL-70531,CUST-1217,1312.49,AED,1,DEWA,UTILITIES,WEB,30/05/2026 22:20
BILL-70532,CUST-1113,1978.03,AED,2,ETISALAT,TELECOM,APP,14/06/2026 14:41
BILL-70533,CUST-1130,1376.14,AED,2,SEWA,UTILITIES,WEB,19/06/2026 06:14
BILL-70534,CUST-1087,1697.46,AED,1,SEWA,UTILITIES,APP,29/05/2026 06:53
BILL-70535,CUST-1080,37.24,AED,1,ADDC,UTILITIES,APP,27/05/2026 07:47
BILL-70536,CUST-1024,1536.85,AED,0,ADDC,UTILITIES,WEB,14/06/2026 04:19
BILL-70537,CUST-1200,1651.68,AED,1,Empower,UTILITIES,APP,23/06/2026 18:29
BILL-70538,CUST-1085,1015.81,AED,1,RTA_FINES,GOVERNMENT,WEB,24/06/2026 11:45
BILL-70539,CUST-1116,2960.82,AED,1,Empower,UTILITIES,WEB,21/06/2026 03:27
BILL-70540,CUST-1118,2664.46,AED,1,SEWA,UTILITIES,APP,12/06/2026 13:56
BILL-70541,CUST-1187,156.57,AED,2,ADDC,UTILITIES,APP,10/06/2026 22:12
BILL-70542,CUST-1077,2369.21,AED,1,RTA_FINES,GOVERNMENT,APP,31/05/2026 00:41
BILL-70543,CUST-1151,160.87,AED,0,DU,TELECOM,APP,11/06/2026 04:15
BILL-70544,CUST-1181,785.53,AED,1,RTA_FINES,GOVERNMENT,WEB,10/06/2026 23:40
BILL-70545,CUST-1268,77.09,AED,1,SALIK,TOLL,APP,21/06/2026 06:15
BILL-70546,CUST-1049,876.7,AED,1,DU,TELECOM,APP,18/06/2026 04:54
BILL-70547,CUST-1263,971.58,AED,1,DEWA,UTILITIES,WEB,20/06/2026 17:15
BILL-70548,CUST-1261,2567.72,AED,1,DU,TELECOM,APP,18/06/2026 05:22
BILL-70549,CUST-1161,371.4,AED,1,DEWA,UTILITIES,APP,11/06/2026 18:07
BILL-70550,CUST-1053,196.87,AED,1,ADDC,UTILITIES,WEB,13/06/2026 18:39
BILL-70551,CUST-1240,1725.72,AED,1,DU,TELECOM,APP,24/06/2026 02:19
BILL-70552,CUST-1063,1463.59,AED,1,Empower,UTILITIES,APP,18/06/2026 19:28
BILL-70553,CUST-1182,1195.56,AED,0,DU,TELECOM,WEB,27/05/2026 18:11
BILL-70554,CUST-1168,2029.14,AED,1,RTA_FINES,GOVERNMENT,APP,14/06/2026 15:32
BILL-70555,CUST-1193,1226.49,AED,1,DU,TELECOM,WEB,12/06/2026 03:17
BILL-70556,CUST-1193,2194.24,AED,2,RTA_FINES,GOVERNMENT,WEB,10/06/2026 21:12
BILL-70557,CUST-1134,328.54,AED,1,Empower,UTILITIES,APP,15/06/2026 03:07
BILL-70558,CUST-1223,1559.94,AED,1,ETISALAT,TELECOM,APP,11/06/2026 02:36
BILL-70559,CUST-1273,2041.57,AED,1,ADDC,UTILITIES,WEB,23/06/2026 10:18
BILL-70560,CUST-1297,756.26,AED,9,ETISALAT,TELECOM,WEB,12/06/2026 10:36
BILL-70561,CUST-1070,1199.85,AED,2,DEWA,UTILITIES,WEB,20/06/2026 16:47
BILL-70562,CUST-1191,414.55,AED,1,Empower,UTILITIES,WEB,15/06/2026 04:33
BILL-70563,CUST-1111,2005.99,AED,1,DEWA,UTILITIES,WEB,24/06/2026 19:36
BILL-70564,CUST-1267,227.1,AED,1,Empower,UTILITIES,APP,01/06/2026 09:34
BILL-70565,CUST-1127,1028.14,AED,1,SEWA,UTILITIES,WEB,11/06/2026 14:02
BILL-70566,CUST-1263,705.51,AED,1,ADDC,UTILITIES,APP,23/06/2026 17:56
BILL-70567,CUST-1123,1806.26,AED,9,SALIK,TOLL,APP,24/06/2026 21:04
BILL-70568,CUST-1021,1575.32,AED,1,RTA_FINES,GOVERNMENT,WEB,23/06/2026 05:22
BILL-70569,CUST-1121,885.03,AED,1,Empower,UTILITIES,APP,22/06/2026 09:00
BILL-70570,CUST-1155,1376.79,AED,1,Empower,UTILITIES,WEB,22/06/2026 19:04
BILL-70571,CUST-1230,2571.52,AED,1,ETISALAT,TELECOM,WEB,28/05/2026 08:55
BILL-70572,CUST-1294,2949.13,AED,1,DEWA,UTILITIES,APP,19/06/2026 02:18
BILL-70573,CUST-1199,2930.45,AED,1,SALIK,TOLL,WEB,14/06/2026 00:57
BILL-70574,CUST-1197,300.4,AED,1,ETISALAT,TELECOM,APP,30/05/2026 23:45
BILL-70575,CUST-1010,1042.51,AED,1,DU,TELECOM,WEB,03/06/2026 00:32
BILL-70576,CUST-1026,1566.29,AED,2,SEWA,UTILITIES,APP,04/06/2026 20:16
BILL-70577,CUST-1254,2899.8,AED,1,SEWA,UTILITIES,WEB,08/06/2026 21:47
BILL-70578,CUST-1109,114.46,AED,0,DU,TELECOM,APP,06/06/2026 09:13
BILL-70579,CUST-1232,2409.59,AED,0,Empower,UTILITIES,WEB,22/06/2026 18:12
BILL-70580,CUST-1198,974.42,AED,1,SEWA,UTILITIES,APP,09/06/2026 16:56
BILL-70581,CUST-1157,2294.33,AED,1,ETISALAT,TELECOM,APP,16/06/2026 01:24
BILL-70582,CUST-1225,2990.25,AED,0,SALIK,TOLL,WEB,29/05/2026 03:48
BILL-70583,CUST-1074,1167.4,AED,1,SEWA,UTILITIES,APP,09/06/2026 00:31
BILL-70584,CUST-1283,2907.02,AED,2,SEWA,UTILITIES,APP,20/06/2026 23:22
BILL-70585,CUST-1287,1878.9,AED,1,Empower,UTILITIES,WEB,12/06/2026 10:17
BILL-70586,CUST-1132,1740.81,AED,0,ADDC,UTILITIES,APP,11/06/2026 08:00
BILL-70587,CUST-1013,1921.76,AED,1,RTA_FINES,GOVERNMENT,APP,30/05/2026 20:53
BILL-70588,CUST-1286,2339.59,AED,1,SALIK,TOLL,APP,26/05/2026 10:12
BILL-70589,CUST-1031,2124.35,AED,1,ETISALAT,TELECOM,APP,02/06/2026 03:57
BILL-70590,CUST-1104,389.46,AED,1,RTA_FINES,GOVERNMENT,WEB,25/06/2026 02:47
BILL-70591,CUST-1011,1489.29,AED,1,Empower,UTILITIES,WEB,23/06/2026 22:29
BILL-70592,CUST-1130,1651.36,AED,1,DU,TELECOM,WEB,28/05/2026 10:36
BILL-70593,CUST-1002,196.15,AED,2,DEWA,UTILITIES,WEB,22/06/2026 20:48
BILL-70594,CUST-1189,1242.69,AED,1,Empower,UTILITIES,APP,15/06/2026 14:01
BILL-70595,CUST-1026,2185.22,AED,1,SEWA,UTILITIES,APP,23/06/2026 21:27
BILL-70596,CUST-1081,1761.25,AED,1,Empower,UTILITIES,APP,23/06/2026 12:19
BILL-70597,CUST-1156,478.53,AED,1,SALIK,TOLL,WEB,18/06/2026 22:08
BILL-70598,CUST-1294,2472.04,AED,1,Empower,UTILITIES,APP,31/05/2026 19:47
BILL-70599,CUST-1058,2394.95,AED,1,SALIK,TOLL,WEB,18/06/2026 00:07
BILL-70600,CUST-1208,1900.59,AED,1,RTA_FINES,GOVERNMENT,WEB,19/06/2026 00:33
BILL-70601,CUST-1260,2705.98,AED,1,SALIK,TOLL,APP,14/06/2026 15:48
BILL-70602,CUST-1034,2732.57,AED,0,Empower,UTILITIES,WEB,31/05/2026 19:49
BILL-70603,CUST-1181,1949.73,AED,1,ADDC,UTILITIES,APP,16/06/2026 01:04
BILL-70604,CUST-1235,378.71,AED,1,Empower,UTILITIES,APP,03/06/2026 06:33
BILL-70605,CUST-1054,1436.88,AED,1,DEWA,UTILITIES,APP,06/06/2026 13:36
BILL-70606,CUST-1179,1143.52,AED,1,ADDC,UTILITIES,APP,16/06/2026 04:08
BILL-70607,CUST-1050,1238.85,AED,1,ETISALAT,TELECOM,WEB,31/05/2026 23:19
BILL-70608,CUST-1245,2333.7,AED,1,ADDC,UTILITIES,WEB,10/06/2026 17:31
BILL-70609,CUST-1229,1735.45,AED,0,ADDC,UTILITIES,WEB,04/06/2026 11:24
BILL-70610,CUST-1109,2229.04,AED,1,RTA_FINES,GOVERNMENT,APP,21/06/2026 17:33
BILL-70611,CUST-1091,2998.75,AED,1,DU,TELECOM,APP,29/05/2026 08:16
BILL-70612,CUST-1150,647.76,AED,1,DEWA,UTILITIES,APP,11/06/2026 06:26
BILL-70613,CUST-1236,1204.97,AED,1,RTA_FINES,GOVERNMENT,WEB,30/05/2026 02:12
BILL-70614,CUST-1159,754.79,AED,1,SALIK,TOLL,WEB,02/06/2026 08:38
BILL-70615,CUST-1294,218.9,AED,1,ETISALAT,TELECOM,WEB,06/06/2026 01:58
BILL-70616,CUST-1247,395.81,AED,1,DU,TELECOM,APP,27/05/2026 09:40
BILL-70617,CUST-1239,2966.71,AED,1,RTA_FINES,GOVERNMENT,APP,30/05/2026 23:38
BILL-70618,CUST-1104,1318.79,AED,1,DEWA,UTILITIES,WEB,18/06/2026 10:41
BILL-70619,CUST-1163,2135.89,AED,0,SEWA,UTILITIES,WEB,06/06/2026 08:03
BILL-70620,CUST-1201,2732.65,AED,1,ADDC,UTILITIES,WEB,22/06/2026 16:52
BILL-70621,CUST-1115,298.92,AED,1,Empower,UTILITIES,APP,29/05/2026 14:10
BILL-70622,CUST-1221,1163.96,AED,1,DEWA,UTILITIES,WEB,12/06/2026 15:27
BILL-70623,CUST-1002,986.48,AED,2,DU,TELECOM,APP,10/06/2026 18:55
BILL-70624,CUST-1210,2933.95,AED,1,SEWA,UTILITIES,APP,10/06/2026 20:31
BILL-70625,CUST-1256,2241.33,AED,1,ADDC,UTILITIES,WEB,13/06/2026 12:27
BILL-70626,CUST-1187,1670.98,AED,1,DEWA,UTILITIES,APP,09/06/2026 23:49
BILL-70627,CUST-1170,1370.19,AED,1,DEWA,UTILITIES,APP,31/05/2026 13:18
BILL-70628,CUST-1285,2276.48,AED,1,Empower,UTILITIES,WEB,24/06/2026 09:29
BILL-70629,CUST-1190,417.48,AED,1,SALIK,TOLL,WEB,23/06/2026 10:11
BILL-70630,CUST-1005,2978.85,AED,1,Empower,UTILITIES,WEB,01/06/2026 19:36
BILL-70631,CUST-1186,2892.78,AED,1,DEWA,UTILITIES,WEB,29/05/2026 13:28
BILL-70632,CUST-1272,1488.28,AED,1,RTA_FINES,GOVERNMENT,WEB,31/05/2026 18:55
BILL-70633,CUST-1175,2786.59,AED,1,ETISALAT,TELECOM,WEB,31/05/2026 14:21
BILL-70634,CUST-1287,1203.5,AED,1,SALIK,TOLL,WEB,17/06/2026 08:52
BILL-70635,CUST-1012,124.28,AED,1,RTA_FINES,GOVERNMENT,APP,22/06/2026 15:56
BILL-70636,CUST-1032,1111.29,AED,1,SALIK,TOLL,WEB,18/06/2026 19:15
BILL-70637,CUST-1038,2600.68,AED,1,SALIK,TOLL,WEB,04/06/2026 16:32
BILL-70638,CUST-1171,669.28,AED,1,DU,TELECOM,WEB,08/06/2026 11:48
BILL-70639,CUST-1128,2425.56,AED,1,DU,TELECOM,APP,29/05/2026 22:47
BILL-70640,CUST-1216,2069.4,AED,1,Empower,UTILITIES,APP,16/06/2026 06:09
BILL-70641,CUST-1045,1202.2,AED,0,RTA_FINES,GOVERNMENT,WEB,13/06/2026 08:48
BILL-70642,CUST-1220,2314.66,AED,1,ADDC,UTILITIES,APP,30/05/2026 11:15
BILL-70643,CUST-1133,2710.78,AED,2,ADDC,UTILITIES,WEB,26/05/2026 19:41
BILL-70644,CUST-1001,339.49,AED,1,SEWA,UTILITIES,APP,20/06/2026 08:12
BILL-70645,CUST-1037,1853.96,AED,1,Empower,UTILITIES,WEB,07/06/2026 00:34
BILL-70646,CUST-1126,1353.36,AED,1,DU,TELECOM,APP,29/05/2026 20:04
BILL-70647,CUST-1263,347.7,AED,2,RTA_FINES,GOVERNMENT,APP,24/06/2026 10:02
BILL-70648,CUST-1266,2558.0,AED,9,DEWA,UTILITIES,WEB,28/05/2026 18:38
BILL-70649,CUST-1168,2561.24,AED,1,DEWA,UTILITIES,APP,14/06/2026 06:57
BILL-70650,CUST-1008,593.92,AED,1,DU,TELECOM,APP,16/06/2026 19:22
BILL-70651,CUST-1283,2519.77,AED,1,DEWA,UTILITIES,APP,29/05/2026 07:03
BILL-70652,CUST-1174,2872.44,AED,1,ETISALAT,TELECOM,WEB,07/06/2026 11:13
BILL-70653,CUST-1094,2885.06,AED,2,DEWA,UTILITIES,APP,12/06/2026 02:52
BILL-70654,CUST-1210,2110.93,AED,1,SEWA,UTILITIES,WEB,02/06/2026 02:05
BILL-70655,CUST-1038,499.07,AED,1,ADDC,UTILITIES,WEB,21/06/2026 12:51
BILL-70656,CUST-1132,449.68,AED,1,RTA_FINES,GOVERNMENT,APP,30/05/2026 02:07
BILL-70657,CUST-1289,1580.58,AED,1,SALIK,TOLL,WEB,25/06/2026 02:34
BILL-70658,CUST-1234,2458.37,AED,1,DEWA,UTILITIES,WEB,29/05/2026 10:51
BILL-70659,CUST-1038,2544.76,AED,1,SALIK,TOLL,APP,12/06/2026 07:41
BILL-70660,CUST-1000,749.18,AED,1,ADDC,UTILITIES,WEB,23/06/2026 03:58
BILL-70661,CUST-1213,2906.48,AED,1,SALIK,TOLL,WEB,11/06/2026 14:38
BILL-70662,CUST-1214,1184.41,AED,1,SEWA,UTILITIES,APP,29/05/2026 06:46
BILL-70663,CUST-1294,1878.39,AED,1,DU,TELECOM,WEB,22/06/2026 06:55
BILL-70664,CUST-1148,1954.75,AED,1,RTA_FINES,GOVERNMENT,WEB,28/05/2026 00:06
BILL-70665,CUST-1073,2629.4,AED,0,RTA_FINES,GOVERNMENT,WEB,30/05/2026 06:56
BILL-70666,CUST-1065,2544.12,AED,1,ADDC,UTILITIES,WEB,05/06/2026 04:56
BILL-70667,CUST-1282,2754.03,AED,1,DU,TELECOM,WEB,16/06/2026 13:33
BILL-70668,CUST-1211,314.24,AED,1,ADDC,UTILITIES,WEB,29/05/2026 14:29
BILL-70669,CUST-1250,768.86,AED,1,SALIK,TOLL,WEB,04/06/2026 17:30
BILL-70670,CUST-1165,2568.62,AED,1,DEWA,UTILITIES,APP,24/06/2026 01:25
BILL-70671,CUST-1265,673.36,AED,1,DEWA,UTILITIES,WEB,04/06/2026 02:00
BILL-70672,CUST-1263,1600.59,AED,1,Empower,UTILITIES,APP,24/06/2026 19:34
BILL-70673,CUST-1221,1843.5,AED,1,DEWA,UTILITIES,WEB,28/05/2026 09:51
BILL-70674,CUST-1189,1999.63,AED,1,ADDC,UTILITIES,WEB,02/06/2026 15:04
BILL-70675,CUST-1223,2071.25,AED,1,Empower,UTILITIES,APP,10/06/2026 15:39
BILL-70676,CUST-1042,2422.48,AED,1,ETISALAT,TELECOM,WEB,22/06/2026 22:51
BILL-70677,CUST-1062,1606.62,AED,1,DU,TELECOM,WEB,06/06/2026 17:25
BILL-70678,CUST-1287,2467.15,AED,2,Empower,UTILITIES,APP,02/06/2026 19:01
BILL-70679,CUST-1263,72.89,AED,1,ADDC,UTILITIES,WEB,21/06/2026 04:27
BILL-70680,CUST-1215,407.23,AED,1,DEWA,UTILITIES,WEB,06/06/2026 21:06
BILL-70681,CUST-1068,2251.72,AED,1,DEWA,UTILITIES,WEB,04/06/2026 10:44
BILL-70682,CUST-1186,2007.5,AED,1,ETISALAT,TELECOM,APP,01/06/2026 11:35
BILL-70683,CUST-1126,1871.43,AED,1,DU,TELECOM,APP,12/06/2026 22:06
BILL-70684,CUST-1063,2484.41,AED,1,ETISALAT,TELECOM,WEB,24/06/2026 16:05
BILL-70685,CUST-1217,1277.65,AED,1,DEWA,UTILITIES,WEB,18/06/2026 11:13
BILL-70686,CUST-1026,2143.04,AED,1,ADDC,UTILITIES,APP,05/06/2026 20:09
BILL-70687,CUST-1151,24.58,AED,1,DEWA,UTILITIES,WEB,02/06/2026 12:50
BILL-70688,CUST-1285,536.78,AED,1,Empower,UTILITIES,APP,21/06/2026 12:41
BILL-70689,CUST-1240,2140.48,AED,1,Empower,UTILITIES,WEB,20/06/2026 03:31
BILL-70690,CUST-1144,444.55,AED,1,ETISALAT,TELECOM,APP,14/06/2026 04:20
BILL-70691,CUST-1068,805.76,AED,1,ADDC,UTILITIES,WEB,13/06/2026 19:18
BILL-70692,CUST-1233,1379.44,AED,1,ADDC,UTILITIES,WEB,28/05/2026 07:40
BILL-70693,CUST-1084,2985.47,AED,1,DEWA,UTILITIES,WEB,06/06/2026 07:51
BILL-70694,CUST-1144,1588.47,AED,1,SEWA,UTILITIES,APP,10/06/2026 21:47
BILL-70695,CUST-1097,1603.11,AED,1,RTA_FINES,GOVERNMENT,WEB,08/06/2026 09:54
BILL-70696,CUST-1277,2499.91,AED,1,Empower,UTILITIES,APP,19/06/2026 20:31
BILL-70697,CUST-1146,1397.12,AED,0,DEWA,UTILITIES,APP,23/06/2026 16:11
BILL-70698,CUST-1228,2263.39,AED,1,DU,TELECOM,WEB,21/06/2026 18:04
BILL-70699,CUST-1090,1588.15,AED,1,ETISALAT,TELECOM,APP,01/06/2026 22:37
BILL-70700,CUST-1076,2972.53,AED,1,DEWA,UTILITIES,WEB,30/05/2026 08:00
BILL-70701,CUST-1242,1784.32,AED,1,RTA_FINES,GOVERNMENT,WEB,11/06/2026 11:03
BILL-70702,CUST-1231,1585.51,AED,1,Empower,UTILITIES,WEB,18/06/2026 19:59
BILL-70703,CUST-1040,2621.86,AED,1,RTA_FINES,GOVERNMENT,WEB,21/06/2026 14:25
BILL-70704,CUST-1167,2934.86,AED,1,DU,TELECOM,APP,02/06/2026 04:02
BILL-70705,CUST-1058,2142.78,AED,1,SEWA,UTILITIES,WEB,01/06/2026 16:17
BILL-70706,CUST-1026,280.41,AED,1,SALIK,TOLL,WEB,08/06/2026 17:15
BILL-70707,CUST-1292,1279.11,AED,1,Empower,UTILITIES,APP,17/06/2026 19:38
BILL-70708,CUST-1180,890.34,AED,1,RTA_FINES,GOVERNMENT,WEB,05/06/2026 11:51
BILL-70709,CUST-1245,1670.79,AED,1,SEWA,UTILITIES,APP,03/06/2026 20:52
BILL-70710,CUST-1010,151.1,AED,0,ADDC,UTILITIES,APP,07/06/2026 22:20
BILL-70711,CUST-1049,2232.22,AED,1,DEWA,UTILITIES,WEB,08/06/2026 00:10
BILL-70712,CUST-1202,562.97,AED,1,DEWA,UTILITIES,WEB,12/06/2026 11:56
BILL-70713,CUST-1055,775.01,AED,1,SALIK,TOLL,APP,06/06/2026 15:45
BILL-70714,CUST-1227,312.5,AED,0,RTA_FINES,GOVERNMENT,APP,22/06/2026 02:11
BILL-70715,CUST-1000,2145.25,AED,1,DEWA,UTILITIES,WEB,21/06/2026 05:40
BILL-70716,CUST-1093,833.23,AED,1,Empower,UTILITIES,APP,22/06/2026 12:21
BILL-70717,CUST-1201,1282.15,AED,0,DU,TELECOM,APP,23/06/2026 09:09
BILL-70718,CUST-1022,2850.56,AED,1,ETISALAT,TELECOM,APP,27/05/2026 23:06
BILL-70719,CUST-1079,2233.97,AED,1,Empower,UTILITIES,APP,04/06/2026 13:26
BILL-70720,CUST-1105,2281.43,AED,1,DU,TELECOM,WEB,20/06/2026 18:42
BILL-70721,CUST-1237,1131.95,AED,1,RTA_FINES,GOVERNMENT,WEB,22/06/2026 13:07
BILL-70722,CUST-1128,2711.54,AED,1,ETISALAT,TELECOM,WEB,06/06/2026 13:21
BILL-70723,CUST-1272,2565.54,AED,1,SALIK,TOLL,APP,18/06/2026 20:18
BILL-70724,CUST-1004,912.68,AED,1,SEWA,UTILITIES,WEB,04/06/2026 06:20
BILL-70725,CUST-1000,1421.53,AED,1,DU,TELECOM,APP,05/06/2026 05:18
BILL-70726,CUST-1261,108.94,AED,1,ADDC,UTILITIES,APP,31/05/2026 14:03
BILL-70727,CUST-1246,2530.26,AED,1,DEWA,UTILITIES,WEB,08/06/2026 01:31
BILL-70728,CUST-1254,2500.92,AED,1,RTA_FINES,GOVERNMENT,WEB,14/06/2026 11:08
BILL-70729,CUST-1235,376.73,AED,1,SEWA,UTILITIES,WEB,09/06/2026 03:01
BILL-70730,CUST-1199,1281.12,AED,1,SALIK,TOLL,APP,30/05/2026 07:47
BILL-70731,CUST-1111,477.85,AED,2,DEWA,UTILITIES,APP,30/05/2026 16:10
BILL-70732,CUST-1073,2653.06,AED,1,SALIK,TOLL,WEB,18/06/2026 00:12
BILL-70733,CUST-1250,636.5,AED,2,RTA_FINES,GOVERNMENT,APP,29/05/2026 21:22
BILL-70734,CUST-1028,1990.34,AED,1,SEWA,UTILITIES,APP,11/06/2026 09:23
BILL-70735,CUST-1236,2526.59,AED,1,DU,TELECOM,WEB,24/06/2026 02:55
BILL-70736,CUST-1093,2046.0,AED,1,SEWA,UTILITIES,WEB,03/06/2026 22:44
BILL-70737,CUST-1207,2017.13,AED,1,ETISALAT,TELECOM,APP,07/06/2026 16:17
BILL-70738,CUST-1090,2584.69,AED,1,RTA_FINES,GOVERNMENT,WEB,22/06/2026 01:58
BILL-70739,CUST-1130,684.44,AED,2,DU,TELECOM,APP,19/06/2026 18:56
BILL-70740,CUST-1172,1191.88,AED,1,SEWA,UTILITIES,APP,28/05/2026 09:56
BILL-70741,CUST-1201,618.54,AED,1,DEWA,UTILITIES,APP,18/06/2026 21:46
BILL-70742,CUST-1183,2042.89,AED,1,DEWA,UTILITIES,WEB,14/06/2026 04:05
BILL-70743,CUST-1028,2615.86,AED,1,Empower,UTILITIES,APP,17/06/2026 13:23
BILL-70744,CUST-1100,2623.46,AED,0,SALIK,TOLL,WEB,31/05/2026 03:25
BILL-70745,CUST-1212,1107.37,AED,1,ETISALAT,TELECOM,WEB,07/06/2026 00:28
BILL-70746,CUST-1162,1750.62,AED,1,ADDC,UTILITIES,WEB,10/06/2026 11:04
BILL-70747,CUST-1031,1017.22,AED,1,Empower,UTILITIES,APP,08/06/2026 18:12
BILL-70748,CUST-1196,1834.77,AED,1,ADDC,UTILITIES,APP,28/05/2026 06:43
BILL-70749,CUST-1244,48.21,AED,1,ADDC,UTILITIES,APP,17/06/2026 12:52
BILL-70750,CUST-1053,652.19,AED,1,ETISALAT,TELECOM,WEB,16/06/2026 09:47
BILL-70751,CUST-1241,2449.81,AED,1,ETISALAT,TELECOM,APP,30/05/2026 17:10
BILL-70752,CUST-1222,2278.38,AED,1,ETISALAT,TELECOM,WEB,29/05/2026 10:52
BILL-70753,CUST-1246,269.1,AED,1,Empower,UTILITIES,APP,23/06/2026 21:13
BILL-70754,CUST-1191,208.11,AED,1,ADDC,UTILITIES,WEB,09/06/2026 08:03
BILL-70755,CUST-1242,1318.49,AED,1,SEWA,UTILITIES,WEB,31/05/2026 13:28
BILL-70756,CUST-1079,675.94,AED,1,ADDC,UTILITIES,WEB,10/06/2026 22:20
BILL-70757,CUST-1284,1480.93,AED,1,SALIK,TOLL,WEB,23/06/2026 02:51
BILL-70758,CUST-1075,1649.88,AED,0,ADDC,UTILITIES,APP,16/06/2026 01:14
BILL-70759,CUST-1120,1083.31,AED,1,ETISALAT,TELECOM,WEB,04/06/2026 21:20
BILL-70760,CUST-1053,1136.2,AED,1,Empower,UTILITIES,WEB,14/06/2026 00:01
BILL-70761,CUST-1153,1463.58,AED,1,RTA_FINES,GOVERNMENT,WEB,26/05/2026 09:29
BILL-70762,CUST-1255,812.93,AED,1,DU,TELECOM,WEB,22/06/2026 09:12
BILL-70763,CUST-1077,2692.66,AED,1,Empower,UTILITIES,APP,28/05/2026 13:24
BILL-70764,CUST-1281,2848.59,AED,0,SEWA,UTILITIES,APP,27/05/2026 17:23
BILL-70765,CUST-1276,1450.95,AED,1,DEWA,UTILITIES,WEB,23/06/2026 12:16
BILL-70766,CUST-1013,2246.58,AED,1,SALIK,TOLL,APP,09/06/2026 05:47
BILL-70767,CUST-1271,51.4,AED,1,SALIK,TOLL,WEB,31/05/2026 01:09
BILL-70768,CUST-1133,775.84,AED,1,Empower,UTILITIES,APP,06/06/2026 08:39
BILL-70769,CUST-1272,2437.73,AED,2,Empower,UTILITIES,WEB,13/06/2026 16:52
BILL-70770,CUST-1151,1178.21,AED,1,RTA_FINES,GOVERNMENT,APP,13/06/2026 18:22
BILL-70771,CUST-1153,2455.37,AED,1,ETISALAT,TELECOM,WEB,27/05/2026 12:17
BILL-70772,CUST-1117,611.93,AED,1,RTA_FINES,GOVERNMENT,APP,19/06/2026 00:57
BILL-70773,CUST-1087,1515.96,AED,1,RTA_FINES,GOVERNMENT,APP,21/06/2026 17:59
BILL-70774,CUST-1111,1465.07,AED,1,ADDC,UTILITIES,WEB,12/06/2026 17:33
BILL-70775,CUST-1025,982.93,AED,1,SALIK,TOLL,APP,30/05/2026 14:59
BILL-70776,CUST-1163,2726.69,AED,1,DEWA,UTILITIES,WEB,14/06/2026 21:32
BILL-70777,CUST-1013,1880.45,AED,1,RTA_FINES,GOVERNMENT,WEB,12/06/2026 12:45
BILL-70778,CUST-1138,1079.1,AED,1,SEWA,UTILITIES,WEB,16/06/2026 23:44
BILL-70779,CUST-1193,67.9,AED,1,RTA_FINES,GOVERNMENT,WEB,26/05/2026 12:52
BILL-70780,CUST-1224,2259.1,AED,1,SEWA,UTILITIES,APP,26/05/2026 23:16
BILL-70781,CUST-1104,1849.71,AED,1,SALIK,TOLL,WEB,31/05/2026 04:30
BILL-70782,CUST-1259,2247.57,AED,0,DU,TELECOM,WEB,30/05/2026 09:29
BILL-70783,CUST-1231,367.08,AED,1,SALIK,TOLL,WEB,24/06/2026 22:24
BILL-70784,CUST-1199,212.27,AED,1,DU,TELECOM,APP,28/05/2026 15:44
BILL-70785,CUST-1092,1030.06,AED,1,SALIK,TOLL,WEB,01/06/2026 13:03
BILL-70786,CUST-1121,1326.99,AED,1,DU,TELECOM,APP,16/06/2026 12:21
BILL-70787,CUST-1263,1376.2,AED,1,DU,TELECOM,WEB,13/06/2026 22:40
BILL-70788,CUST-1041,2784.76,AED,2,SEWA,UTILITIES,WEB,07/06/2026 03:26
BILL-70789,CUST-1275,2548.06,AED,1,Empower,UTILITIES,APP,27/05/2026 07:27
BILL-70790,CUST-1014,2756.07,AED,1,DEWA,UTILITIES,APP,28/05/2026 14:42
BILL-70791,CUST-1058,1325.69,AED,1,SALIK,TOLL,WEB,22/06/2026 14:59
BILL-70792,CUST-1016,981.11,AED,1,DU,TELECOM,APP,27/05/2026 10:54
BILL-70793,CUST-1155,2778.16,AED,1,DU,TELECOM,WEB,11/06/2026 11:36
BILL-70794,CUST-1052,2942.41,AED,1,Empower,UTILITIES,APP,05/06/2026 11:26
BILL-70795,CUST-1208,1021.98,AED,1,DEWA,UTILITIES,WEB,19/06/2026 02:45
BILL-70796,CUST-1188,1845.35,AED,1,ETISALAT,TELECOM,WEB,28/05/2026 10:56
BILL-70797,CUST-1292,1199.94,AED,1,DEWA,UTILITIES,APP,17/06/2026 20:05
BILL-70798,CUST-1206,2750.36,AED,1,SEWA,UTILITIES,WEB,15/06/2026 01:00
BILL-70799,CUST-1240,1522.66,AED,1,SALIK,TOLL,APP,15/06/2026 14:37
BILL-70800,CUST-1097,1405.91,AED,1,Empower,UTILITIES,APP,05/06/2026 05:27
BILL-70801,CUST-1233,674.09,AED,1,Empower,UTILITIES,APP,22/06/2026 20:48
BILL-70802,CUST-1210,101.13,AED,1,RTA_FINES,GOVERNMENT,WEB,18/06/2026 22:04
BILL-70803,CUST-1171,2928.72,AED,2,SALIK,TOLL,APP,13/06/2026 19:30
BILL-70804,CUST-1142,2987.94,AED,1,DU,TELECOM,APP,05/06/2026 04:38
BILL-70805,CUST-1204,488.09,AED,1,ADDC,UTILITIES,APP,29/05/2026 18:15
BILL-70806,CUST-1226,1844.22,AED,0,DEWA,UTILITIES,APP,29/05/2026 10:23
BILL-70807,CUST-1207,1079.96,AED,1,ADDC,UTILITIES,APP,13/06/2026 02:14
BILL-70808,CUST-1121,66.79,AED,1,RTA_FINES,GOVERNMENT,WEB,29/05/2026 20:35
BILL-70809,CUST-1217,1509.63,AED,1,SALIK,TOLL,WEB,14/06/2026 22:07
BILL-70810,CUST-1299,1662.41,AED,2,ETISALAT,TELECOM,WEB,20/06/2026 06:35
BILL-70811,CUST-1283,289.87,AED,1,SALIK,TOLL,WEB,20/06/2026 03:40
BILL-70812,CUST-1003,1494.64,AED,0,DU,TELECOM,WEB,17/06/2026 20:48
BILL-70813,CUST-1186,603.47,AED,1,DEWA,UTILITIES,WEB,16/06/2026 18:54
BILL-70814,CUST-1072,1323.39,AED,1,Empower,UTILITIES,WEB,02/06/2026 09:23
BILL-70815,CUST-1012,1060.62,AED,1,Empower,UTILITIES,APP,20/06/2026 10:18
BILL-70816,CUST-1229,561.38,AED,2,RTA_FINES,GOVERNMENT,APP,06/06/2026 22:33
BILL-70817,CUST-1198,1651.58,AED,1,SALIK,TOLL,WEB,10/06/2026 04:45
BILL-70818,CUST-1247,2597.86,AED,1,ADDC,UTILITIES,WEB,10/06/2026 23:51
BILL-70819,CUST-1057,880.58,AED,0,ADDC,UTILITIES,APP,16/06/2026 00:16
BILL-70820,CUST-1242,328.21,AED,1,ETISALAT,TELECOM,APP,12/06/2026 18:35
BILL-70821,CUST-1098,1707.75,AED,1,RTA_FINES,GOVERNMENT,WEB,23/06/2026 11:34
BILL-70822,CUST-1208,1686.62,AED,0,DEWA,UTILITIES,APP,14/06/2026 23:03
BILL-70823,CUST-1264,2788.02,AED,1,RTA_FINES,GOVERNMENT,WEB,04/06/2026 05:47
BILL-70824,CUST-1217,1021.2,AED,1,RTA_FINES,GOVERNMENT,APP,04/06/2026 06:07
BILL-70825,CUST-1246,1126.75,AED,1,Empower,UTILITIES,WEB,23/06/2026 23:34
BILL-70826,CUST-1167,886.02,AED,1,ETISALAT,TELECOM,WEB,06/06/2026 14:39
BILL-70827,CUST-1246,2702.61,AED,1,Empower,UTILITIES,WEB,23/06/2026 06:05
BILL-70828,CUST-1020,552.93,AED,0,DU,TELECOM,APP,06/06/2026 20:27
BILL-70829,CUST-1166,1595.22,AED,1,SALIK,TOLL,APP,13/06/2026 01:12
BILL-70830,CUST-1184,2356.88,AED,1,DU,TELECOM,APP,21/06/2026 05:17
BILL-70831,CUST-1078,878.63,AED,1,DEWA,UTILITIES,APP,04/06/2026 08:28
BILL-70832,CUST-1189,196.62,AED,1,SEWA,UTILITIES,WEB,02/06/2026 02:33
BILL-70833,CUST-1207,1149.35,AED,1,SEWA,UTILITIES,APP,27/05/2026 02:23
BILL-70834,CUST-1044,1042.96,AED,1,SEWA,UTILITIES,WEB,15/06/2026 11:27
BILL-70835,CUST-1118,1950.75,AED,1,SEWA,UTILITIES,WEB,22/06/2026 19:01
BILL-70836,CUST-1023,145.43,AED,1,SALIK,TOLL,WEB,23/06/2026 12:12
BILL-70837,CUST-1283,1769.74,AED,1,DEWA,UTILITIES,WEB,11/06/2026 22:51
BILL-70838,CUST-1196,944.3,AED,1,DEWA,UTILITIES,APP,30/05/2026 05:00
BILL-70839,CUST-1259,2837.39,AED,0,SALIK,TOLL,APP,01/06/2026 21:16
BILL-70840,CUST-1108,1696.02,AED,1,RTA_FINES,GOVERNMENT,WEB,22/06/2026 01:20
BILL-70841,CUST-1155,1101.2,AED,2,ADDC,UTILITIES,APP,04/06/2026 01:06
BILL-70842,CUST-1120,1061.45,AED,2,ETISALAT,TELECOM,WEB,12/06/2026 19:47
BILL-70843,CUST-1133,831.0,AED,1,ADDC,UTILITIES,WEB,31/05/2026 07:25
BILL-70844,CUST-1018,2315.83,AED,2,ETISALAT,TELECOM,APP,08/06/2026 20:55
BILL-70845,CUST-1280,74.17,AED,0,ETISALAT,TELECOM,WEB,31/05/2026 05:12
BILL-70846,CUST-1161,331.38,AED,1,ADDC,UTILITIES,WEB,27/05/2026 17:49
BILL-70847,CUST-1026,1702.59,AED,1,Empower,UTILITIES,WEB,31/05/2026 20:58
BILL-70848,CUST-1007,2858.18,AED,1,Empower,UTILITIES,APP,21/06/2026 16:52
BILL-70849,CUST-1273,2734.87,AED,1,RTA_FINES,GOVERNMENT,APP,06/06/2026 03:51
BILL-70850,CUST-1279,896.29,AED,1,ETISALAT,TELECOM,APP,13/06/2026 08:03
BILL-70851,CUST-1186,182.85,AED,1,SEWA,UTILITIES,WEB,08/06/2026 01:57
BILL-70852,CUST-1197,2986.08,AED,1,RTA_FINES,GOVERNMENT,WEB,23/06/2026 09:12
BILL-70853,CUST-1178,672.73,AED,1,ADDC,UTILITIES,APP,19/06/2026 07:42
BILL-70854,CUST-1202,533.2,AED,1,Empower,UTILITIES,WEB,15/06/2026 13:22
BILL-70855,CUST-1250,854.69,AED,1,DU,TELECOM,APP,20/06/2026 04:41
BILL-70856,CUST-1061,1409.42,AED,1,Empower,UTILITIES,APP,07/06/2026 03:52
BILL-70857,CUST-1253,300.26,AED,1,SALIK,TOLL,APP,04/06/2026 03:52
BILL-70858,CUST-1195,2814.71,AED,1,ADDC,UTILITIES,WEB,16/06/2026 01:57
BILL-70859,CUST-1229,280.94,AED,1,DU,TELECOM,WEB,06/06/2026 12:16
BILL-70860,CUST-1134,2302.86,AED,1,DU,TELECOM,APP,09/06/2026 04:15
BILL-70861,CUST-1176,2052.92,AED,1,DU,TELECOM,APP,21/06/2026 22:33
BILL-70862,CUST-1146,2190.63,AED,1,RTA_FINES,GOVERNMENT,WEB,01/06/2026 05:20
BILL-70863,CUST-1112,2797.44,AED,1,SEWA,UTILITIES,APP,29/05/2026 15:10
BILL-70864,CUST-1219,422.41,AED,1,Empower,UTILITIES,APP,02/06/2026 09:08
BILL-70865,CUST-1227,754.66,AED,1,ETISALAT,TELECOM,WEB,27/05/2026 12:56
BILL-70866,CUST-1088,2453.92,AED,0,DU,TELECOM,WEB,18/06/2026 13:26
BILL-70867,CUST-1144,1986.49,AED,9,Empower,UTILITIES,APP,16/06/2026 02:07
BILL-70868,CUST-1138,30.14,AED,1,DU,TELECOM,WEB,15/06/2026 03:33
BILL-70869,CUST-1180,590.02,AED,1,ETISALAT,TELECOM,WEB,28/05/2026 03:40
BILL-70870,CUST-1044,1679.82,AED,1,RTA_FINES,GOVERNMENT,WEB,19/06/2026 09:32
BILL-70871,CUST-1106,1609.42,AED,1,SEWA,UTILITIES,WEB,21/06/2026 17:14
BILL-70872,CUST-1294,2007.7,AED,1,DEWA,UTILITIES,APP,28/05/2026 06:24
BILL-70873,CUST-1072,2601.49,AED,1,SALIK,TOLL,APP,23/06/2026 11:36
BILL-70874,CUST-1261,2716.12,AED,1,DEWA,UTILITIES,APP,08/06/2026 11:14
BILL-70875,CUST-1080,1423.02,AED,1,Empower,UTILITIES,WEB,02/06/2026 22:06
BILL-70876,CUST-1016,2082.95,AED,1,DU,TELECOM,APP,05/06/2026 15:01
BILL-70877,CUST-1127,471.31,AED,1,SEWA,UTILITIES,APP,08/06/2026 19:08
BILL-70878,CUST-1079,2637.64,AED,1,ETISALAT,TELECOM,WEB,13/06/2026 12:14
BILL-70879,CUST-1224,888.43,AED,1,RTA_FINES,GOVERNMENT,WEB,08/06/2026 04:49
BILL-70880,CUST-1297,1910.99,AED,1,SEWA,UTILITIES,WEB,08/06/2026 03:04
BILL-70881,CUST-1234,2262.64,AED,1,Empower,UTILITIES,APP,19/06/2026 12:26
BILL-70882,CUST-1137,1829.15,AED,1,DU,TELECOM,APP,17/06/2026 10:09
BILL-70883,CUST-1177,1918.87,AED,1,Empower,UTILITIES,APP,10/06/2026 10:13
BILL-70884,CUST-1209,1523.81,AED,0,RTA_FINES,GOVERNMENT,APP,06/06/2026 03:35
BILL-70885,CUST-1117,1224.93,AED,1,SALIK,TOLL,WEB,11/06/2026 22:16
BILL-70886,CUST-1095,114.61,AED,1,ETISALAT,TELECOM,WEB,02/06/2026 10:57
BILL-70887,CUST-1054,1461.32,AED,1,ETISALAT,TELECOM,APP,21/06/2026 21:21
BILL-70888,CUST-1021,2747.11,AED,1,DU,TELECOM,APP,31/05/2026 02:47
BILL-70889,CUST-1163,2390.56,AED,0,SEWA,UTILITIES,APP,21/06/2026 13:52
BILL-70890,CUST-1203,1220.39,AED,1,SEWA,UTILITIES,APP,25/06/2026 04:27
BILL-70891,CUST-1069,1622.48,AED,1,RTA_FINES,GOVERNMENT,APP,19/06/2026 06:00
BILL-70892,CUST-1099,234.45,AED,1,SALIK,TOLL,WEB,15/06/2026 03:20
BILL-70893,CUST-1288,1462.39,AED,1,ETISALAT,TELECOM,WEB,21/06/2026 20:08
BILL-70894,CUST-1044,2583.56,AED,1,DU,TELECOM,APP,29/05/2026 13:44
BILL-70895,CUST-1218,56.69,AED,1,RTA_FINES,GOVERNMENT,APP,20/06/2026 00:15
BILL-70896,CUST-1180,197.62,AED,1,RTA_FINES,GOVERNMENT,APP,19/06/2026 14:17
BILL-70897,CUST-1089,2433.02,AED,1,RTA_FINES,GOVERNMENT,WEB,26/05/2026 09:33
BILL-70898,CUST-1074,2800.64,AED,1,ADDC,UTILITIES,APP,02/06/2026 03:24
BILL-70899,CUST-1218,2885.77,AED,1,ADDC,UTILITIES,APP,27/05/2026 07:37
BILL-70900,CUST-1064,213.88,AED,1,RTA_FINES,GOVERNMENT,WEB,01/06/2026 23:08
BILL-70901,CUST-1245,2536.17,AED,1,SALIK,TOLL,WEB,19/06/2026 19:03
BILL-70902,CUST-1202,425.13,AED,1,DEWA,UTILITIES,APP,30/05/2026 04:53
BILL-70903,CUST-1181,568.13,AED,1,Empower,UTILITIES,WEB,18/06/2026 02:33
BILL-70904,CUST-1025,2942.25,AED,1,SALIK,TOLL,WEB,20/06/2026 21:18
BILL-70905,CUST-1285,2791.37,AED,0,RTA_FINES,GOVERNMENT,APP,26/05/2026 23:23
BILL-70906,CUST-1226,2862.38,AED,1,DEWA,UTILITIES,APP,17/06/2026 14:06
BILL-70907,CUST-1042,2772.12,AED,2,Empower,UTILITIES,APP,11/06/2026 05:41
BILL-70908,CUST-1005,1816.26,AED,1,ETISALAT,TELECOM,APP,10/06/2026 16:09
BILL-70909,CUST-1200,547.71,AED,1,SALIK,TOLL,WEB,24/06/2026 21:44
BILL-70910,CUST-1145,1487.46,AED,9,ADDC,UTILITIES,WEB,20/06/2026 11:35
BILL-70911,CUST-1267,2154.48,AED,1,Empower,UTILITIES,APP,02/06/2026 00:52
BILL-70912,CUST-1236,700.67,AED,1,ADDC,UTILITIES,WEB,04/06/2026 09:51
BILL-70913,CUST-1106,535.3,AED,1,ADDC,UTILITIES,WEB,06/06/2026 14:02
BILL-70914,CUST-1167,782.65,AED,1,ADDC,UTILITIES,WEB,04/06/2026 08:35
BILL-70915,CUST-1281,2058.13,AED,1,ETISALAT,TELECOM,WEB,27/05/2026 17:48
BILL-70916,CUST-1149,719.48,AED,1,SALIK,TOLL,WEB,12/06/2026 16:14
BILL-70917,CUST-1137,1374.47,AED,1,SALIK,TOLL,APP,23/06/2026 13:49
BILL-70918,CUST-1138,2265.49,AED,1,ADDC,UTILITIES,WEB,27/05/2026 16:02
BILL-70919,CUST-1244,2529.97,AED,1,ETISALAT,TELECOM,WEB,29/05/2026 03:29
BILL-70920,CUST-1172,1641.58,AED,1,DU,TELECOM,WEB,23/06/2026 16:52
BILL-70921,CUST-1255,2248.08,AED,1,DEWA,UTILITIES,APP,15/06/2026 01:43
BILL-70922,CUST-1227,2372.84,AED,1,SEWA,UTILITIES,APP,15/06/2026 09:30
BILL-70923,CUST-1256,27.05,AED,1,SALIK,TOLL,APP,24/06/2026 23:40
BILL-70924,CUST-1215,1750.45,AED,1,SALIK,TOLL,APP,18/06/2026 09:31
BILL-70925,CUST-1159,1229.0,AED,1,SEWA,UTILITIES,APP,27/05/2026 19:39
BILL-70926,CUST-1167,573.07,AED,1,ETISALAT,TELECOM,APP,23/06/2026 06:49
BILL-70927,CUST-1027,2066.0,AED,1,RTA_FINES,GOVERNMENT,APP,03/06/2026 11:48
BILL-70928,CUST-1066,2286.39,AED,1,DU,TELECOM,APP,28/05/2026 15:35
BILL-70929,CUST-1048,892.65,AED,1,RTA_FINES,GOVERNMENT,APP,20/06/2026 21:42
BILL-70930,CUST-1032,1436.57,AED,0,DEWA,UTILITIES,WEB,11/06/2026 03:11
BILL-70931,CUST-1162,1406.03,AED,2,DU,TELECOM,WEB,17/06/2026 02:06
BILL-70932,CUST-1293,1098.7,AED,1,SEWA,UTILITIES,APP,13/06/2026 21:37
BILL-70933,CUST-1002,2527.69,AED,2,DEWA,UTILITIES,WEB,22/06/2026 17:46
BILL-70934,CUST-1119,1920.31,AED,1,Empower,UTILITIES,WEB,30/05/2026 09:59
BILL-70935,CUST-1188,279.34,AED,1,SALIK,TOLL,APP,06/06/2026 10:20
BILL-70936,CUST-1056,734.63,AED,1,DU,TELECOM,APP,07/06/2026 02:02
BILL-70937,CUST-1245,2982.86,AED,1,RTA_FINES,GOVERNMENT,WEB,28/05/2026 17:45
BILL-70938,CUST-1011,522.22,AED,1,RTA_FINES,GOVERNMENT,APP,01/06/2026 08:48
BILL-70939,CUST-1228,1332.1,AED,1,SALIK,TOLL,APP,17/06/2026 12:58
BILL-70940,CUST-1188,1423.04,AED,1,DEWA,UTILITIES,WEB,14/06/2026 09:22
BILL-70941,CUST-1253,2593.95,AED,1,ADDC,UTILITIES,WEB,17/06/2026 13:51
BILL-70942,CUST-1083,1193.42,AED,1,SALIK,TOLL,WEB,21/06/2026 14:23
BILL-70943,CUST-1205,2450.7,AED,1,SEWA,UTILITIES,APP,30/05/2026 14:57
BILL-70944,CUST-1162,2599.99,AED,1,SEWA,UTILITIES,APP,18/06/2026 18:52
BILL-70945,CUST-1134,365.71,AED,1,ADDC,UTILITIES,WEB,18/06/2026 09:53
BILL-70946,CUST-1213,1330.01,AED,1,DU,TELECOM,APP,19/06/2026 16:58
BILL-70947,CUST-1135,295.38,AED,1,Empower,UTILITIES,WEB,04/06/2026 18:00
BILL-70948,CUST-1158,2716.0,AED,1,SALIK,TOLL,APP,24/06/2026 15:37
BILL-70949,CUST-1002,592.33,AED,1,Empower,UTILITIES,APP,02/06/2026 06:16
BILL-70950,CUST-1252,1221.88,AED,1,SEWA,UTILITIES,WEB,19/06/2026 10:37
BILL-70951,CUST-1105,1957.75,AED,1,SEWA,UTILITIES,APP,17/06/2026 19:36
BILL-70952,CUST-1231,655.39,AED,1,ADDC,UTILITIES,APP,26/05/2026 16:44
BILL-70953,CUST-1232,503.75,AED,1,SEWA,UTILITIES,WEB,05/06/2026 00:28
BILL-70954,CUST-1183,2865.96,AED,1,RTA_FINES,GOVERNMENT,WEB,08/06/2026 11:55
BILL-70955,CUST-1291,210.2,AED,9,SEWA,UTILITIES,WEB,13/06/2026 13:18
BILL-70956,CUST-1204,2173.94,AED,0,ADDC,UTILITIES,WEB,23/06/2026 04:47
BILL-70957,CUST-1148,243.86,AED,1,ADDC,UTILITIES,WEB,11/06/2026 09:56
BILL-70958,CUST-1155,2881.97,AED,0,ADDC,UTILITIES,APP,07/06/2026 01:50
BILL-70959,CUST-1242,964.97,AED,1,DU,TELECOM,WEB,22/06/2026 11:21
BILL-70960,CUST-1140,2730.53,AED,1,ADDC,UTILITIES,APP,15/06/2026 00:14
BILL-70961,CUST-1217,2685.78,AED,1,DEWA,UTILITIES,APP,02/06/2026 16:47
BILL-70962,CUST-1216,2763.28,AED,1,SEWA,UTILITIES,WEB,23/06/2026 20:33
BILL-70963,CUST-1050,1891.18,AED,1,SALIK,TOLL,APP,29/05/2026 15:39
BILL-70964,CUST-1200,969.43,AED,1,RTA_FINES,GOVERNMENT,WEB,05/06/2026 07:02
BILL-70965,CUST-1166,581.21,AED,1,DU,TELECOM,APP,01/06/2026 13:58
BILL-70966,CUST-1297,2381.68,AED,1,DU,TELECOM,WEB,26/05/2026 21:57
BILL-70967,CUST-1147,328.13,AED,0,SALIK,TOLL,APP,15/06/2026 09:57
BILL-70968,CUST-1114,1932.74,AED,1,SEWA,UTILITIES,WEB,05/06/2026 11:43
BILL-70969,CUST-1053,2275.6,AED,1,ETISALAT,TELECOM,WEB,26/05/2026 19:21
BILL-70970,CUST-1247,1615.88,AED,1,DEWA,UTILITIES,WEB,30/05/2026 20:04
BILL-70971,CUST-1027,352.2,AED,2,RTA_FINES,GOVERNMENT,APP,12/06/2026 15:07
BILL-70972,CUST-1054,2092.59,AED,1,DU,TELECOM,WEB,02/06/2026 18:25
BILL-70973,CUST-1156,2516.68,AED,1,Empower,UTILITIES,APP,01/06/2026 05:18
BILL-70974,CUST-1190,2957.47,AED,1,ETISALAT,TELECOM,WEB,08/06/2026 06:42
BILL-70975,CUST-1017,299.46,AED,1,Empower,UTILITIES,WEB,14/06/2026 13:11
BILL-70976,CUST-1123,247.98,AED,0,SALIK,TOLL,WEB,22/06/2026 11:44
BILL-70977,CUST-1024,777.26,AED,1,SALIK,TOLL,APP,29/05/2026 22:58
BILL-70978,CUST-1059,1564.65,AED,1,SEWA,UTILITIES,WEB,16/06/2026 08:11
BILL-70979,CUST-1137,1939.91,AED,2,Empower,UTILITIES,WEB,16/06/2026 08:23
BILL-70980,CUST-1167,2178.29,AED,1,DEWA,UTILITIES,WEB,19/06/2026 19:56
BILL-70981,CUST-1247,2766.67,AED,1,SALIK,TOLL,APP,14/06/2026 21:27
BILL-70982,CUST-1078,1183.9,AED,1,Empower,UTILITIES,APP,19/06/2026 00:48
BILL-70983,CUST-1088,878.3,AED,1,ETISALAT,TELECOM,APP,23/06/2026 08:13
BILL-70984,CUST-1137,125.0,AED,0,SALIK,TOLL,WEB,06/06/2026 05:11
BILL-70985,CUST-1262,1945.32,AED,1,Empower,UTILITIES,APP,16/06/2026 03:56
BILL-70986,CUST-1201,1516.86,AED,1,DEWA,UTILITIES,APP,12/06/2026 00:51
BILL-70987,CUST-1060,1391.84,AED,1,ADDC,UTILITIES,WEB,02/06/2026 20:26
BILL-70988,CUST-1082,644.81,AED,1,ADDC,UTILITIES,APP,26/05/2026 07:48
BILL-70989,CUST-1255,428.27,AED,1,Empower,UTILITIES,APP,27/05/2026 04:32
BILL-70990,CUST-1219,387.39,AED,1,SALIK,TOLL,WEB,05/06/2026 18:02
BILL-70991,CUST-1047,584.65,AED,1,DU,TELECOM,WEB,15/06/2026 21:27
BILL-70992,CUST-1096,449.04,AED,1,Empower,UTILITIES,WEB,03/06/2026 23:38
BILL-70993,CUST-1130,556.1,AED,1,Empower,UTILITIES,WEB,30/05/2026 18:19
BILL-70994,CUST-1129,571.7,AED,1,DEWA,UTILITIES,APP,12/06/2026 19:47
BILL-70995,CUST-1057,1121.46,AED,1,DU,TELECOM,WEB,06/06/2026 06:39
BILL-70996,CUST-1073,1040.29,AED,1,DU,TELECOM,WEB,14/06/2026 08:32
BILL-70997,CUST-1168,694.15,AED,1,ADDC,UTILITIES,APP,17/06/2026 05:02
BILL-70998,CUST-1183,2073.48,AED,2,SALIK,TOLL,WEB,17/06/2026 15:37
BILL-70999,CUST-1202,900.24,AED,1,ETISALAT,TELECOM,WEB,27/05/2026 03:24
BILL-71000,CUST-1232,463.91,AED,1,SALIK,TOLL,APP,17/06/2026 23:25
BILL-71001,CUST-1065,1757.33,AED,1,SEWA,UTILITIES,APP,11/06/2026 09:02
BILL-71002,CUST-1037,733.35,AED,1,SEWA,UTILITIES,APP,29/05/2026 14:43
BILL-71003,CUST-1168,579.42,AED,2,Empower,UTILITIES,APP,30/05/2026 16:38
BILL-71004,CUST-1207,2923.55,AED,1,DU,TELECOM,WEB,23/06/2026 09:21
BILL-71005,CUST-1087,649.17,AED,2,SEWA,UTILITIES,APP,27/05/2026 10:22
BILL-71006,CUST-1017,1681.99,AED,1,ADDC,UTILITIES,WEB,18/06/2026 10:41
BILL-71007,CUST-1030,2824.57,AED,2,Empower,UTILITIES,WEB,08/06/2026 04:25
BILL-71008,CUST-1127,1450.51,AED,1,SEWA,UTILITIES,WEB,09/06/2026 05:05
BILL-71009,CUST-1265,631.2,AED,1,Empower,UTILITIES,APP,22/06/2026 14:41
BILL-71010,CUST-1217,2450.96,AED,2,SEWA,UTILITIES,APP,05/06/2026 10:47
BILL-71011,CUST-1264,39.44,AED,1,DEWA,UTILITIES,APP,07/06/2026 00:11
BILL-71012,CUST-1054,1881.29,AED,1,SALIK,TOLL,WEB,28/05/2026 21:50
BILL-71013,CUST-1138,2148.82,AED,1,DU,TELECOM,APP,10/06/2026 07:50
BILL-71014,CUST-1227,1921.09,AED,1,ETISALAT,TELECOM,WEB,28/05/2026 08:13
BILL-71015,CUST-1278,387.44,AED,1,ETISALAT,TELECOM,APP,28/05/2026 02:41
BILL-71016,CUST-1294,814.42,AED,1,DU,TELECOM,WEB,22/06/2026 04:36
BILL-71017,CUST-1157,112.9,AED,1,SALIK,TOLL,APP,19/06/2026 16:46
BILL-71018,CUST-1182,979.29,AED,9,ETISALAT,TELECOM,APP,14/06/2026 13:06
BILL-71019,CUST-1282,2176.16,AED,0,DU,TELECOM,APP,17/06/2026 15:36
BILL-71020,CUST-1284,2437.15,AED,1,DEWA,UTILITIES,APP,30/05/2026 01:29
BILL-71021,CUST-1029,2421.8,AED,1,SALIK,TOLL,WEB,22/06/2026 21:55
BILL-71022,CUST-1174,1556.03,AED,2,ADDC,UTILITIES,WEB,30/05/2026 01:18
BILL-71023,CUST-1190,1289.98,AED,1,SEWA,UTILITIES,APP,22/06/2026 06:59
BILL-71024,CUST-1110,2235.65,AED,1,ETISALAT,TELECOM,APP,08/06/2026 19:23
BILL-71025,CUST-1252,201.34,AED,1,RTA_FINES,GOVERNMENT,WEB,18/06/2026 05:41
BILL-71026,CUST-1046,317.61,AED,1,ETISALAT,TELECOM,WEB,11/06/2026 07:44
BILL-71027,CUST-1170,1024.14,AED,1,SEWA,UTILITIES,APP,14/06/2026 12:37
BILL-71028,CUST-1105,2184.66,AED,1,Empower,UTILITIES,WEB,16/06/2026 09:40
BILL-71029,CUST-1249,1488.83,AED,1,ETISALAT,TELECOM,WEB,25/06/2026 07:18
BILL-71030,CUST-1248,1725.26,AED,9,ETISALAT,TELECOM,APP,29/05/2026 14:27
BILL-71031,CUST-1275,1750.52,AED,1,SEWA,UTILITIES,APP,09/06/2026 07:18
BILL-71032,CUST-1264,406.18,AED,1,SALIK,TOLL,APP,02/06/2026 18:14
BILL-71033,CUST-1093,2487.81,AED,1,RTA_FINES,GOVERNMENT,WEB,07/06/2026 19:48
BILL-71034,CUST-1286,824.65,AED,1,RTA_FINES,GOVERNMENT,APP,22/06/2026 10:31
BILL-71035,CUST-1031,2307.96,AED,1,SALIK,TOLL,APP,27/05/2026 06:25
BILL-71036,CUST-1171,2155.18,AED,1,DEWA,UTILITIES,WEB,22/06/2026 15:24
BILL-71037,CUST-1061,405.57,AED,1,Empower,UTILITIES,APP,16/06/2026 04:48
BILL-71038,CUST-1176,1440.52,AED,1,DEWA,UTILITIES,APP,17/06/2026 06:59
BILL-71039,CUST-1164,53.3,AED,1,SALIK,TOLL,APP,22/06/2026 17:31
BILL-71040,CUST-1276,2581.9,AED,2,RTA_FINES,GOVERNMENT,WEB,20/06/2026 15:17
BILL-71041,CUST-1167,2855.36,AED,1,RTA_FINES,GOVERNMENT,APP,12/06/2026 05:06
BILL-71042,CUST-1134,897.38,AED,1,Empower,UTILITIES,APP,04/06/2026 14:03
BILL-71043,CUST-1028,2781.11,AED,1,DU,TELECOM,WEB,07/06/2026 16:52
BILL-71044,CUST-1166,1271.09,AED,1,SALIK,TOLL,APP,30/05/2026 11:21
BILL-71045,CUST-1024,368.79,AED,1,ADDC,UTILITIES,WEB,20/06/2026 05:15
BILL-71046,CUST-1018,2775.77,AED,1,ETISALAT,TELECOM,APP,06/06/2026 11:57
BILL-71047,CUST-1040,923.6,AED,1,DU,TELECOM,WEB,10/06/2026 07:20
BILL-71048,CUST-1198,1897.63,AED,1,DEWA,UTILITIES,APP,04/06/2026 03:32
BILL-71049,CUST-1221,1090.86,AED,1,DU,TELECOM,WEB,17/06/2026 00:52
BILL-71050,CUST-1006,139.8,AED,9,DEWA,UTILITIES,WEB,15/06/2026 10:02
BILL-71051,CUST-1211,779.51,AED,1,DU,TELECOM,WEB,17/06/2026 00:47
BILL-71052,CUST-1270,2379.97,AED,1,RTA_FINES,GOVERNMENT,WEB,18/06/2026 22:14
BILL-71053,CUST-1208,76.4,AED,1,SALIK,TOLL,APP,21/06/2026 04:31
BILL-71054,CUST-1217,420.96,AED,1,RTA_FINES,GOVERNMENT,WEB,11/06/2026 20:29
BILL-71055,CUST-1271,137.78,AED,1,ETISALAT,TELECOM,WEB,29/05/2026 05:42
BILL-71056,CUST-1259,354.07,AED,0,SEWA,UTILITIES,APP,24/06/2026 21:40
BILL-71057,CUST-1180,547.11,AED,1,RTA_FINES,GOVERNMENT,WEB,13/06/2026 07:29
BILL-71058,CUST-1188,1707.11,AED,1,SEWA,UTILITIES,APP,24/06/2026 11:15
BILL-71059,CUST-1173,2821.45,AED,1,SEWA,UTILITIES,APP,22/06/2026 01:26
BILL-71060,CUST-1036,1903.22,AED,0,DU,TELECOM,WEB,17/06/2026 21:10
BILL-71061,CUST-1198,2636.72,AED,2,Empower,UTILITIES,APP,14/06/2026 08:04
BILL-71062,CUST-1080,2107.75,AED,1,ETISALAT,TELECOM,WEB,06/06/2026 22:25
BILL-71063,CUST-1083,1099.42,AED,1,DEWA,UTILITIES,APP,23/06/2026 08:03
BILL-71064,CUST-1149,848.63,AED,1,DU,TELECOM,WEB,01/06/2026 02:50
BILL-71065,CUST-1128,2055.89,AED,1,ADDC,UTILITIES,APP,04/06/2026 02:50
BILL-71066,CUST-1045,2571.4,AED,1,SEWA,UTILITIES,WEB,17/06/2026 12:11
BILL-71067,CUST-1142,2306.92,AED,0,DU,TELECOM,APP,11/06/2026 09:04
BILL-71068,CUST-1166,2937.82,AED,1,Empower,UTILITIES,WEB,20/06/2026 10:28
BILL-71069,CUST-1271,2730.28,AED,1,DU,TELECOM,WEB,01/06/2026 04:48
BILL-71070,CUST-1294,1988.44,AED,1,DEWA,UTILITIES,WEB,08/06/2026 11:36
BILL-71071,CUST-1207,719.19,AED,1,DU,TELECOM,APP,31/05/2026 13:56
BILL-71072,CUST-1286,2229.52,AED,1,DU,TELECOM,WEB,07/06/2026 15:48
BILL-71073,CUST-1124,1445.69,AED,0,Empower,UTILITIES,WEB,07/06/2026 17:02
BILL-71074,CUST-1292,1420.66,AED,1,DU,TELECOM,WEB,11/06/2026 15:46
BILL-71075,CUST-1127,837.07,AED,1,SALIK,TOLL,WEB,10/06/2026 19:38
BILL-71076,CUST-1275,1374.64,AED,1,SEWA,UTILITIES,APP,23/06/2026 01:01
BILL-71077,CUST-1156,1335.79,AED,1,Empower,UTILITIES,WEB,23/06/2026 02:43
BILL-71078,CUST-1029,2082.38,AED,1,RTA_FINES,GOVERNMENT,APP,18/06/2026 11:59
BILL-71079,CUST-1083,1154.03,AED,1,SALIK,TOLL,APP,22/06/2026 13:57
BILL-71080,CUST-1057,1356.01,AED,1,ETISALAT,TELECOM,WEB,17/06/2026 12:04
BILL-71081,CUST-1271,2384.78,AED,1,DEWA,UTILITIES,WEB,04/06/2026 10:42
BILL-71082,CUST-1013,1892.49,AED,1,SEWA,UTILITIES,WEB,20/06/2026 06:16
BILL-71083,CUST-1212,1465.11,AED,1,ETISALAT,TELECOM,WEB,08/06/2026 16:19
BILL-71084,CUST-1244,2898.6,AED,1,Empower,UTILITIES,WEB,23/06/2026 23:10
BILL-71085,CUST-1239,2835.03,AED,1,Empower,UTILITIES,APP,21/06/2026 13:17
BILL-71086,CUST-1043,1092.73,AED,1,DEWA,UTILITIES,WEB,14/06/2026 20:46
BILL-71087,CUST-1275,975.71,AED,1,DEWA,UTILITIES,APP,08/06/2026 17:34
BILL-71088,CUST-1251,789.84,AED,1,ETISALAT,TELECOM,WEB,09/06/2026 04:52
BILL-71089,CUST-1242,1183.32,AED,2,SALIK,TOLL,WEB,01/06/2026 16:40
BILL-71090,CUST-1139,2915.25,AED,1,SALIK,TOLL,WEB,02/06/2026 00:16
BILL-71091,CUST-1110,2345.43,AED,0,SALIK,TOLL,WEB,21/06/2026 13:58
BILL-71092,CUST-1066,1593.36,AED,0,Empower,UTILITIES,APP,27/05/2026 10:32
BILL-71093,CUST-1259,2644.58,AED,1,SALIK,TOLL,APP,09/06/2026 12:51
BILL-71094,CUST-1080,2211.44,AED,1,DU,TELECOM,WEB,12/06/2026 21:47
BILL-71095,CUST-1120,1241.05,AED,1,DEWA,UTILITIES,APP,04/06/2026 06:18
BILL-71096,CUST-1237,1316.83,AED,1,ADDC,UTILITIES,WEB,04/06/2026 10:43
BILL-71097,CUST-1100,2082.05,AED,1,DU,TELECOM,APP,21/06/2026 19:37
BILL-71098,CUST-1052,1308.41,AED,1,RTA_FINES,GOVERNMENT,WEB,09/06/2026 15:12
BILL-71099,CUST-1269,783.02,AED,1,Empower,UTILITIES,WEB,06/06/2026 00:35
BILL-71100,CUST-1288,2985.03,AED,1,DU,TELECOM,APP,07/06/2026 03:44
BILL-71101,CUST-1297,1014.35,AED,0,RTA_FINES,GOVERNMENT,WEB,07/06/2026 11:13
BILL-71102,CUST-1090,1045.92,AED,1,SALIK,TOLL,WEB,17/06/2026 10:08
BILL-71103,CUST-1218,1846.89,AED,1,SALIK,TOLL,APP,02/06/2026 03:31
BILL-71104,CUST-1106,179.34,AED,0,ADDC,UTILITIES,APP,13/06/2026 22:41
BILL-71105,CUST-1100,662.96,AED,2,SEWA,UTILITIES,WEB,15/06/2026 12:21
BILL-71106,CUST-1072,641.33,AED,2,DEWA,UTILITIES,WEB,31/05/2026 23:56
BILL-71107,CUST-1221,1731.17,AED,0,ADDC,UTILITIES,APP,19/06/2026 17:28
BILL-71108,CUST-1144,311.05,AED,1,DU,TELECOM,APP,03/06/2026 13:13
BILL-71109,CUST-1060,371.59,AED,0,SALIK,TOLL,APP,17/06/2026 07:07
BILL-71110,CUST-1215,2705.31,AED,1,DU,TELECOM,APP,17/06/2026 15:13
BILL-71111,CUST-1277,483.96,AED,1,SEWA,UTILITIES,APP,28/05/2026 17:36
BILL-71112,CUST-1178,305.75,AED,1,SALIK,TOLL,APP,11/06/2026 07:25
BILL-71113,CUST-1118,1697.39,AED,2,ETISALAT,TELECOM,APP,23/06/2026 08:04
BILL-71114,CUST-1221,2046.33,AED,1,RTA_FINES,GOVERNMENT,WEB,05/06/2026 04:44
BILL-71115,CUST-1096,1681.72,AED,1,DU,TELECOM,WEB,14/06/2026 01:04
BILL-71116,CUST-1081,1599.11,AED,1,DU,TELECOM,WEB,07/06/2026 10:16
BILL-71117,CUST-1123,933.34,AED,1,Empower,UTILITIES,WEB,20/06/2026 05:50
BILL-71118,CUST-1004,2452.56,AED,2,ETISALAT,TELECOM,APP,27/05/2026 20:11
BILL-71119,CUST-1069,2057.68,AED,1,Empower,UTILITIES,WEB,03/06/2026 11:11
BILL-71120,CUST-1205,491.98,AED,1,SEWA,UTILITIES,WEB,01/06/2026 20:45
BILL-71121,CUST-1217,1341.67,AED,1,ADDC,UTILITIES,APP,17/06/2026 10:13
BILL-71122,CUST-1261,753.32,AED,1,DU,TELECOM,APP,16/06/2026 21:34
BILL-71123,CUST-1249,1775.77,AED,1,Empower,UTILITIES,WEB,01/06/2026 06:05
BILL-71124,CUST-1087,2567.99,AED,1,SEWA,UTILITIES,WEB,31/05/2026 14:48
BILL-71125,CUST-1245,786.19,AED,1,Empower,UTILITIES,WEB,06/06/2026 10:07
BILL-71126,CUST-1026,897.8,AED,1,SEWA,UTILITIES,WEB,10/06/2026 16:49
BILL-71127,CUST-1193,2601.28,AED,1,ADDC,UTILITIES,WEB,08/06/2026 14:59
BILL-71128,CUST-1051,2236.09,AED,1,DU,TELECOM,APP,30/05/2026 12:34
BILL-71129,CUST-1072,74.38,AED,1,DEWA,UTILITIES,WEB,28/05/2026 01:52
BILL-71130,CUST-1235,2420.91,AED,1,DEWA,UTILITIES,APP,02/06/2026 08:25
BILL-71131,CUST-1127,2364.41,AED,1,DU,TELECOM,WEB,31/05/2026 03:45
BILL-71132,CUST-1216,1105.95,AED,1,ADDC,UTILITIES,APP,27/05/2026 05:46
BILL-71133,CUST-1113,2405.08,AED,1,RTA_FINES,GOVERNMENT,APP,23/06/2026 16:44
BILL-71134,CUST-1189,642.9,AED,1,ETISALAT,TELECOM,APP,20/06/2026 09:51
BILL-71135,CUST-1165,1543.25,AED,1,SEWA,UTILITIES,WEB,24/06/2026 23:32
BILL-71136,CUST-1046,2441.59,AED,1,ETISALAT,TELECOM,APP,31/05/2026 12:14
BILL-71137,CUST-1236,840.19,AED,1,SEWA,UTILITIES,APP,23/06/2026 03:43
BILL-71138,CUST-1184,1256.26,AED,1,Empower,UTILITIES,WEB,19/06/2026 22:08
BILL-71139,CUST-1094,2832.29,AED,0,DEWA,UTILITIES,WEB,21/06/2026 09:05
BILL-71140,CUST-1120,2504.78,AED,1,ETISALAT,TELECOM,APP,13/06/2026 10:02
BILL-71141,CUST-1050,1988.38,AED,1,DEWA,UTILITIES,APP,07/06/2026 09:33
BILL-71142,CUST-1282,1857.41,AED,1,SEWA,UTILITIES,APP,27/05/2026 23:27
BILL-71143,CUST-1007,2948.82,AED,1,DU,TELECOM,APP,28/05/2026 06:49
BILL-71144,CUST-1171,824.37,AED,0,RTA_FINES,GOVERNMENT,WEB,15/06/2026 14:06
BILL-71145,CUST-1087,2748.34,AED,1,DEWA,UTILITIES,APP,11/06/2026 16:28
BILL-71146,CUST-1127,1037.35,AED,0,DU,TELECOM,APP,08/06/2026 18:17
BILL-71147,CUST-1042,211.15,AED,1,Empower,UTILITIES,APP,17/06/2026 03:06
BILL-71148,CUST-1155,1030.11,AED,1,DEWA,UTILITIES,WEB,20/06/2026 22:14
BILL-71149,CUST-1057,1725.08,AED,1,SEWA,UTILITIES,WEB,29/05/2026 16:30
BILL-71150,CUST-1246,1230.58,AED,2,ADDC,UTILITIES,APP,02/06/2026 22:57
BILL-71151,CUST-1253,2990.14,AED,1,DU,TELECOM,WEB,07/06/2026 18:03
BILL-71152,CUST-1131,2740.05,AED,1,SALIK,TOLL,WEB,23/06/2026 03:42
BILL-71153,CUST-1179,44.53,AED,1,Empower,UTILITIES,APP,25/06/2026 04:01
BILL-71154,CUST-1133,2276.22,AED,1,RTA_FINES,GOVERNMENT,WEB,10/06/2026 16:44
BILL-71155,CUST-1056,2345.47,AED,2,RTA_FINES,GOVERNMENT,WEB,25/06/2026 00:18
BILL-71156,CUST-1054,2221.42,AED,1,DU,TELECOM,WEB,19/06/2026 21:04
BILL-71157,CUST-1059,914.33,AED,1,SEWA,UTILITIES,APP,01/06/2026 05:49
BILL-71158,CUST-1284,82.76,AED,1,SALIK,TOLL,WEB,15/06/2026 10:15
BILL-71159,CUST-1181,2733.25,AED,1,SALIK,TOLL,APP,18/06/2026 07:04
BILL-71160,CUST-1166,2665.0,AED,1,RTA_FINES,GOVERNMENT,WEB,18/06/2026 03:14
BILL-71161,CUST-1153,2720.29,AED,1,SEWA,UTILITIES,APP,29/05/2026 18:51
BILL-71162,CUST-1074,2251.19,AED,1,DU,TELECOM,APP,11/06/2026 14:57
BILL-71163,CUST-1177,2547.19,AED,1,DEWA,UTILITIES,WEB,05/06/2026 15:51
BILL-71164,CUST-1224,2013.86,AED,1,ETISALAT,TELECOM,WEB,27/05/2026 22:55
BILL-71165,CUST-1210,1539.35,AED,1,ADDC,UTILITIES,WEB,30/05/2026 10:30
BILL-71166,CUST-1130,207.05,AED,0,ADDC,UTILITIES,APP,01/06/2026 00:53
BILL-71167,CUST-1227,2928.03,AED,1,DEWA,UTILITIES,APP,01/06/2026 06:17
BILL-71168,CUST-1022,1298.94,AED,1,DEWA,UTILITIES,WEB,31/05/2026 00:01
BILL-71169,CUST-1295,1427.78,AED,0,SALIK,TOLL,APP,21/06/2026 17:05
BILL-71170,CUST-1200,1245.13,AED,1,Empower,UTILITIES,APP,05/06/2026 11:37
BILL-71171,CUST-1235,2354.62,AED,1,SEWA,UTILITIES,APP,01/06/2026 14:34
BILL-71172,CUST-1221,61.43,AED,0,Empower,UTILITIES,WEB,06/06/2026 13:24
BILL-71173,CUST-1274,2644.12,AED,1,SEWA,UTILITIES,WEB,16/06/2026 18:40
BILL-71174,CUST-1091,1530.57,AED,1,DU,TELECOM,WEB,07/06/2026 02:15
BILL-71175,CUST-1271,1882.89,AED,1,SEWA,UTILITIES,WEB,11/06/2026 07:15
BILL-71176,CUST-1219,1474.55,AED,0,RTA_FINES,GOVERNMENT,APP,28/05/2026 15:26
BILL-71177,CUST-1090,1668.64,AED,1,ADDC,UTILITIES,WEB,21/06/2026 10:21
BILL-71178,CUST-1132,631.8,AED,1,SEWA,UTILITIES,APP,24/06/2026 05:01
BILL-71179,CUST-1231,2857.12,AED,2,ADDC,UTILITIES,WEB,11/06/2026 22:18
BILL-71180,CUST-1100,1280.02,AED,1,ETISALAT,TELECOM,WEB,21/06/2026 00:28
BILL-71181,CUST-1268,2040.05,AED,1,DEWA,UTILITIES,APP,29/05/2026 22:34
BILL-71182,CUST-1176,1787.17,AED,1,DEWA,UTILITIES,WEB,13/06/2026 09:09
BILL-71183,CUST-1273,2967.11,AED,1,RTA_FINES,GOVERNMENT,APP,29/05/2026 20:27
BILL-71184,CUST-1175,2270.92,AED,1,ADDC,UTILITIES,APP,09/06/2026 04:23
BILL-71185,CUST-1049,2234.1,AED,1,RTA_FINES,GOVERNMENT,APP,10/06/2026 19:55
BILL-71186,CUST-1019,2380.54,AED,1,Empower,UTILITIES,APP,22/06/2026 16:30
BILL-71187,CUST-1123,1383.88,AED,1,RTA_FINES,GOVERNMENT,WEB,25/06/2026 00:16
BILL-71188,CUST-1054,967.76,AED,1,SALIK,TOLL,WEB,17/06/2026 17:16
BILL-71189,CUST-1223,2121.74,AED,1,SEWA,UTILITIES,WEB,18/06/2026 07:40
BILL-71190,CUST-1277,2581.76,AED,2,SALIK,TOLL,APP,20/06/2026 19:37
BILL-71191,CUST-1067,2346.03,AED,1,DEWA,UTILITIES,WEB,12/06/2026 10:03
BILL-71192,CUST-1073,2431.97,AED,1,ETISALAT,TELECOM,APP,16/06/2026 06:41
BILL-71193,CUST-1184,157.08,AED,1,DU,TELECOM,APP,30/05/2026 09:12
BILL-71194,CUST-1009,1845.35,AED,1,DU,TELECOM,WEB,18/06/2026 19:25
BILL-71195,CUST-1049,2455.33,AED,1,Empower,UTILITIES,APP,15/06/2026 04:37
BILL-71196,CUST-1060,2268.91,AED,1,DU,TELECOM,APP,04/06/2026 10:24
BILL-71197,CUST-1276,892.76,AED,1,SALIK,TOLL,APP,19/06/2026 04:29
BILL-71198,CUST-1013,2274.27,AED,1,ETISALAT,TELECOM,WEB,29/05/2026 21:17
BILL-71199,CUST-1212,23.91,AED,1,SALIK,TOLL,WEB,21/06/2026 11:29
BILL-71200,CUST-1141,1704.39,AED,0,RTA_FINES,GOVERNMENT,APP,21/06/2026 12:40
BILL-71201,CUST-1145,862.31,AED,1,DEWA,UTILITIES,APP,27/05/2026 06:53
BILL-71202,CUST-1283,2467.88,AED,1,SALIK,TOLL,WEB,21/06/2026 07:09
BILL-71203,CUST-1250,1971.46,AED,1,ADDC,UTILITIES,APP,24/06/2026 16:27
BILL-71204,CUST-1217,803.4,AED,1,Empower,UTILITIES,APP,17/06/2026 08:08
BILL-71205,CUST-1164,2764.97,AED,9,DEWA,UTILITIES,APP,04/06/2026 13:20
BILL-71206,CUST-1279,2784.28,AED,1,SEWA,UTILITIES,WEB,24/06/2026 06:10
BILL-71207,CUST-1107,2710.65,AED,1,Empower,UTILITIES,APP,29/05/2026 03:22
BILL-71208,CUST-1248,936.22,AED,1,ADDC,UTILITIES,APP,22/06/2026 10:14
BILL-71209,CUST-1001,1344.35,AED,1,SALIK,TOLL,WEB,17/06/2026 01:52
BILL-71210,CUST-1189,2086.54,AED,1,DEWA,UTILITIES,WEB,28/05/2026 17:43
BILL-71211,CUST-1028,368.86,AED,1,SALIK,TOLL,APP,26/05/2026 16:52
BILL-71212,CUST-1047,2406.91,AED,1,SEWA,UTILITIES,WEB,17/06/2026 07:45
BILL-71213,CUST-1006,2164.27,AED,1,SALIK,TOLL,APP,14/06/2026 00:58
BILL-71214,CUST-1271,1912.61,AED,1,SEWA,UTILITIES,APP,16/06/2026 10:25
BILL-71215,CUST-1148,323.45,AED,1,SEWA,UTILITIES,APP,14/06/2026 18:26
BILL-71216,CUST-1140,2210.23,AED,1,DEWA,UTILITIES,APP,21/06/2026 18:27
BILL-71217,CUST-1110,2410.61,AED,1,ETISALAT,TELECOM,WEB,03/06/2026 20:51
BILL-71218,CUST-1195,1694.03,AED,1,ADDC,UTILITIES,WEB,31/05/2026 11:57
BILL-71219,CUST-1103,145.29,AED,1,Empower,UTILITIES,WEB,02/06/2026 12:14
BILL-71220,CUST-1024,1138.91,AED,1,ETISALAT,TELECOM,WEB,16/06/2026 08:24
BILL-71221,CUST-1023,1328.04,AED,1,RTA_FINES,GOVERNMENT,WEB,11/06/2026 09:28
BILL-71222,CUST-1104,1442.0,AED,1,SEWA,UTILITIES,WEB,07/06/2026 22:39
BILL-71223,CUST-1160,1614.9,AED,1,ADDC,UTILITIES,APP,29/05/2026 21:13
BILL-71224,CUST-1296,875.75,AED,1,RTA_FINES,GOVERNMENT,WEB,18/06/2026 16:45
BILL-71225,CUST-1179,2040.41,AED,1,RTA_FINES,GOVERNMENT,APP,31/05/2026 20:59
BILL-71226,CUST-1143,1131.04,AED,1,SALIK,TOLL,APP,20/06/2026 19:00
BILL-71227,CUST-1055,2750.12,AED,1,SALIK,TOLL,APP,20/06/2026 07:52
BILL-71228,CUST-1273,1354.28,AED,1,SEWA,UTILITIES,WEB,05/06/2026 20:30
BILL-71229,CUST-1122,2927.68,AED,2,ETISALAT,TELECOM,APP,08/06/2026 04:16
BILL-71230,CUST-1143,483.85,AED,1,DEWA,UTILITIES,APP,28/05/2026 11:56
BILL-71231,CUST-1053,1991.02,AED,1,ETISALAT,TELECOM,APP,29/05/2026 10:14
BILL-71232,CUST-1013,1839.54,AED,0,SALIK,TOLL,APP,24/06/2026 01:42
BILL-71233,CUST-1002,92.27,AED,1,DU,TELECOM,APP,19/06/2026 03:21
BILL-71234,CUST-1194,1297.65,AED,1,RTA_FINES,GOVERNMENT,WEB,13/06/2026 14:10
BILL-71235,CUST-1078,1178.32,AED,2,Empower,UTILITIES,APP,06/06/2026 23:41
BILL-71236,CUST-1259,1825.81,AED,1,Empower,UTILITIES,APP,13/06/2026 15:30
BILL-71237,CUST-1182,631.37,AED,1,DEWA,UTILITIES,APP,03/06/2026 00:51
BILL-71238,CUST-1103,585.92,AED,1,ADDC,UTILITIES,WEB,01/06/2026 11:12
BILL-71239,CUST-1150,1403.14,AED,1,ADDC,UTILITIES,WEB,27/05/2026 11:23
BILL-71240,CUST-1070,330.85,AED,1,RTA_FINES,GOVERNMENT,WEB,08/06/2026 15:32
BILL-71241,CUST-1235,1591.66,AED,0,RTA_FINES,GOVERNMENT,APP,15/06/2026 06:34
BILL-71242,CUST-1216,1642.44,AED,1,SEWA,UTILITIES,WEB,30/05/2026 16:13
BILL-71243,CUST-1204,2563.49,AED,9,RTA_FINES,GOVERNMENT,APP,23/06/2026 15:48
BILL-71244,CUST-1249,1772.22,AED,1,ADDC,UTILITIES,APP,03/06/2026 15:28
BILL-71245,CUST-1193,981.13,AED,1,DU,TELECOM,WEB,06/06/2026 09:37
BILL-71246,CUST-1230,1798.41,AED,1,SEWA,UTILITIES,WEB,27/05/2026 10:41
BILL-71247,CUST-1226,45.0,AED,1,Empower,UTILITIES,APP,11/06/2026 01:10
BILL-71248,CUST-1135,1685.12,AED,1,ETISALAT,TELECOM,WEB,16/06/2026 21:35
BILL-71249,CUST-1131,2726.82,AED,1,DU,TELECOM,APP,20/06/2026 20:22
